filename,new_address,status
IMG_20260320_163016681_HDR.jpg,2 Hickory St.,reviewed
IMG_20260320_163023122_HDR.jpg,2 Hickory St.,reviewed
IMG_20260320_163027991_HDR.jpg,"43.652256, -79.403054",reviewed
IMG_20260320_163049326_HDR.jpg,"ACAB (43.652256, -79.403054)",reviewed
IMG_20260320_163109240_HDR.jpg,"43.652221, -79.403227",reviewed
IMG_20260320_163125394_HDR.jpg,"43.652221, -79.403227",reviewed
IMG_20260320_163128228_HDR.jpg,"43.652230, -79.403378",reviewed
IMG_20260320_163134455_HDR.jpg,"43.652202, -79.403467",reviewed
IMG_20260320_163138308_HDR.jpg,"43.652202, -79.403467",reviewed
IMG_20260320_163150665_HDR.jpg,"43.652202, -79.403467",reviewed
IMG_20260320_163202315_HDR.jpg,"43.652196, -79.403344",reviewed
IMG_20260320_163213610_HDR.jpg,"43.652196, -79.403344",reviewed
IMG_20260320_163226222_HDR.jpg,"43.652154, -79.403278",reviewed
IMG_20260320_163229320_HDR.jpg,"43.652154, -79.403278",reviewed
IMG_20260320_163240850_HDR.jpg,,reviewed
IMG_20260320_163250762_HDR.jpg,graf brick,reviewed
IMG_20260320_163258918_HDR.jpg,graffiti brick,reviewed
IMG_20260320_163312970_HDR.jpg,"43.652545, -79.402991",reviewed
IMG_20260320_163330215_HDR.jpg,"43.652545, -79.402991",reviewed
IMG_20260320_163346139_HDR.jpg,"43.652245, -79.402923",reviewed
IMG_20260320_163402409_HDR.jpg,Portugal Auto Garage (East view),reviewed
IMG_20260320_163426641_HDR.jpg,Portugal Auto Garage (South view),reviewed
IMG_20260320_163455461_HDR.jpg,PARANOID Streetwear Store (West view),reviewed
IMG_20260320_163506874_HDR.jpg,"43.652110, -79.402859",reviewed
IMG_20260320_163516751_HDR.jpg,"43.652154, -79.402880",reviewed
IMG_20260320_163530064_HDR.jpg,"43.652245, -79.402930",reviewed
IMG_20260320_163541334_HDR.jpg,"43.652290, -79.402942",reviewed
IMG_20260320_163553474_HDR.jpg,"43.652295, -79.402910",reviewed
IMG_20260320_163606837_HDR.jpg,"43.652295, -79.402910",reviewed
IMG_20260320_163625102_HDR.jpg,"43.652295, -79.402910",reviewed
IMG_20260320_163631948_HDR.jpg,"43.652366, -79.402970",reviewed
IMG_20260320_163642789_HDR.jpg,"43.652366, -79.402970",reviewed
IMG_20260320_163648053_HDR.jpg,"43.652366, -79.402970",reviewed
IMG_20260320_163658403_HDR.jpg,"43.652423, -79.402998",reviewed
IMG_20260320_163707753_HDR.jpg,"43.652506, -79.403030",reviewed
IMG_20260320_163722535_HDR.jpg,"43.652470, -79.403034",reviewed
IMG_20260320_163737438_HDR.jpg,"43.652572, -79.403001",reviewed
IMG_20260320_163744112_HDR.jpg,"43.652562, -79.403063",reviewed
IMG_20260320_163757064_HDR.jpg,"43.652326, -79.403541",reviewed
IMG_20260320_160635635_HDR.jpg,52 Bellevue Av.,reviewed
IMG_20260320_160639371_HDR.jpg,50 Bellvue Av.,reviewed
IMG_20260320_160649629_HDR.jpg,35 Bellevue Av.,reviewed
IMG_20260320_160655925_HDR.jpg,48 Bellevue Av.,reviewed
IMG_20260320_160700434_HDR.jpg,44 Bellevue Ave,reviewed
IMG_20260320_160707259_HDR.jpg,35 Bellevue Av.,reviewed
IMG_20260320_160716524_HDR.jpg,40-42 Bellevue Ave,reviewed
IMG_20260320_160724505_HDR.jpg,38 Bellevue Ave,reviewed
IMG_20260320_160735868_HDR.jpg,36 Bellevue Ave,reviewed
IMG_20260320_160748012_HDR.jpg,34 Bellevue Ave,reviewed
IMG_20260320_160753793_HDR.jpg,"Denison Ave area (residential, Victorian houses)",reviewed
IMG_20260320_160816726_HDR.jpg,27 Bellevue Ave,reviewed
IMG_20260320_160820139_HDR.jpg,27 Bellevue Ave,reviewed
IMG_20260320_160824467_HDR.jpg,27 Bellevue Ave,reviewed
IMG_20260320_160840115_HDR.jpg,The Kiever Shul (north west view),reviewed
IMG_20260320_160851016_HDR.jpg,26-30 Bellevue Av.,reviewed
IMG_20260320_160857174_HDR.jpg,26 Bellevue Av.,reviewed
IMG_20260320_160905890_HDR.jpg,The Kiever Shul (west view),reviewed
IMG_20260320_160913485_HDR.jpg,24 Bellevue Ave,reviewed
IMG_20260320_160924547_HDR.jpg,22 Bellevue Ave,reviewed
IMG_20260320_160933447_HDR.jpg,20 Bellevue Ave,reviewed
IMG_20260320_160938447_HDR.jpg,20 Bellevue Ave,reviewed
IMG_20260320_160948724_HDR.jpg,The Kiever Shul (south west view),reviewed
IMG_20260320_160952502_HDR.jpg,Bellevue Park (north west view),reviewed
IMG_20260320_160959558_HDR.jpg,16 Bellevue Ave,reviewed
IMG_20260320_161014357_HDR.jpg,12 Bellevue Ave,reviewed
IMG_20260320_161023690_HDR.jpg,10 Bellevue Ave,reviewed
IMG_20260320_161032639_HDR.jpg,8 Bellevue Ave,reviewed
IMG_20260320_161038859_HDR.jpg,6 Bellevue Ave,reviewed
IMG_20260320_161052049_HDR.jpg,4 Bellevue Ave,reviewed
IMG_20260320_161056395_HDR.jpg,2 Bellevue Ave,reviewed
IMG_20260320_161100913_HDR.jpg,2 Bellevue Ave,reviewed
IMG_20260320_161113683_HDR.jpg,2 Bellevue Ave,reviewed
IMG_20260320_161125261_HDR.jpg,2 Bellevue Ave,reviewed
IMG_20260320_161134527_HDR.jpg,Wales Ave (North side),reviewed
IMG_20260320_161141020_HDR.jpg,2 Bellevue Ave,reviewed
IMG_20260320_161154966_HDR.jpg,2 Bellevue Ave,reviewed
IMG_20260318_141633023_HDR.jpg,College St,reviewed
IMG_20260318_141658467_HDR.jpg,College St,reviewed
IMG_20260318_141705951_HDR.jpg,College St,reviewed
IMG_20260318_141715399_HDR.jpg,College St,reviewed
IMG_20260318_141730289_HDR.jpg,College St,reviewed
IMG_20260318_141748121_HDR.jpg,College St,reviewed
IMG_20260318_141758126_HDR.jpg,College St,reviewed
IMG_20260318_141820850_HDR.jpg,College St,reviewed
IMG_20260318_141838010_HDR.jpg,College St,reviewed
IMG_20260318_141853104_HDR.jpg,College St,reviewed
IMG_20260318_141905073_HDR.jpg,College St,reviewed
IMG_20260318_141913035_HDR.jpg,College St,reviewed
IMG_20260318_141938450_HDR.jpg,Augusta Ave,reviewed
IMG_20260318_141946886_HDR.jpg,Augusta Ave,reviewed
IMG_20260318_141955425_HDR.jpg,Augusta Ave,reviewed
IMG_20260318_142149249_HDR.jpg,Augusta Ave,reviewed
IMG_20260320_175305879_HDR.jpg,St.Stephen-In-The-Fields Church (south east view),reviewed
IMG_20260320_175314410_HDR.jpg,St.Stephen-In-The-Fields Church (south east view),reviewed
IMG_20260320_175321135_HDR.jpg,"Laneways behind College St (rear of houses, graffiti)",reviewed
IMG_20260320_175328254_HDR.jpg,St.Stephen-In-The-Fields Church (south view),reviewed
IMG_20260320_175337328_HDR.jpg,St.Stephen-In-The-Fields Church (south view),reviewed
IMG_20260320_175345960_HDR.jpg,St.Stephen-In-The-Fields Church (south view),reviewed
IMG_20260320_175353007_HDR.jpg,St.Stephen-In-The-Fields Church (south view),reviewed
IMG_20260320_175355490_HDR.jpg,St.Stephen-In-The-Fields Church (south view),reviewed
IMG_20260320_175403750_HDR.jpg,St.Stephen-In-The-Fields Church (south view),reviewed
IMG_20260320_175413188_HDR.jpg,"43.656751, -79.403686",reviewed
IMG_20260320_175418013_HDR.jpg,"43.656751, -79.403686",reviewed
IMG_20260320_175421839_HDR.jpg,"43.656751, -79.403686",reviewed
IMG_20260320_175432743_HDR.jpg,"43.656751, -79.403686",reviewed
IMG_20260320_175441716_HDR.jpg,"43.656751, -79.403686",reviewed
IMG_20260320_175500332_HDR.jpg,"43.656688, -79.403533",reviewed
IMG_20260320_175507099_HDR.jpg,"43.656612, -79.403568",reviewed
IMG_20260320_175521319_HDR.jpg,"43.656612, -79.403568",reviewed
IMG_20260320_175529405_HDR.jpg,"43.656612, -79.403568",reviewed
IMG_20260320_175543797_HDR.jpg,"43.656612, -79.403568",reviewed
IMG_20260320_175551660_HDR.jpg,"43.656612, -79.403568",reviewed
IMG_20260320_175556827_HDR.jpg,"Laneways behind College St (rear of houses, graffiti)",reviewed
IMG_20260320_175608216_HDR.jpg,"Laneways behind College St (rear of houses, graffiti)",reviewed
IMG_20260320_175616226_HDR.jpg,95 Bellevue Ave (Back of Westside Montessori School) ,reviewed
IMG_20260320_175622331_HDR.jpg,"43.656509, -79.403461",reviewed
IMG_20260320_175632803_HDR.jpg,260 Augusta Ave (Back of St. Stephen's Community House),reviewed
IMG_20260320_175650877_HDR.jpg,91 Bellevue Ave (North view - The Neighbourhood Group Community Services),reviewed
IMG_20260320_175658800_HDR.jpg,91 Bellevue Ave (North west view - The Neighbourhood Group Community Services),reviewed
IMG_20260320_175718747_HDR.jpg,260 Augusta Ave (Back of St. Stephen's Community House),reviewed
IMG_20260320_175723224_HDR.jpg,260 Augusta Ave (Back of St. Stephen's Community House),reviewed
IMG_20260320_175731310_HDR.jpg,"43.656288, -79.403399",reviewed
IMG_20260320_175742215_HDR.jpg,260 Augusta Ave (Back of St. Stephen's Community House),reviewed
IMG_20260320_175749210_HDR.jpg,"43.656288, -79.403399",reviewed
IMG_20260320_175755321_HDR.jpg,"43.656288, -79.403399",reviewed
IMG_20260320_012308243_HDR.jpg,14 Kensington Ave (Courage My Love),reviewed
IMG_20260320_012318650_HDR.jpg,16-18 Kensington Ave ,reviewed
IMG_20260320_012325834_HDR.jpg,27 Kensington Ave (Fashion Old and New - Da Vintage Code 'A'),reviewed
IMG_20260320_012334115_HDR.jpg,16 Kensington Ave ,reviewed
IMG_20260320_012350131_HDR.jpg,20-22 Kensington Ave (Cocktail Emporium),reviewed
IMG_20260320_012359603_HDR.jpg,"Fitzroy Terrace (43.653432, -79.400295)",reviewed
IMG_20260320_012409028_HDR.jpg,"Fitzroy Terrace (43.653432, -79.400295)",reviewed
IMG_20260320_012422542_HDR.jpg,"Fitzroy Terrace (43.653432, -79.400295)",reviewed
IMG_20260320_012442979_HDR.jpg,"Fitzroy Terrace (43.653356, -79.400594)",reviewed
IMG_20260320_012446860_HDR.jpg,"Fitzroy Terrace (43.653356, -79.400594)",reviewed
IMG_20260320_012507070_HDR.jpg,"Fitzroy Terrace (43.653356, -79.400594)",reviewed
IMG_20260320_012512007_HDR.jpg,"Fitzroy Terrace (43.653356, -79.400594)",reviewed
IMG_20260320_012517234_HDR.jpg,Fitzroy Terrace,reviewed
IMG_20260320_012524992_HDR.jpg,"Fitzroy Terrace (43.653286, -79.400932)",reviewed
IMG_20260320_012535844_HDR.jpg,Fitzroy Terrace,reviewed
IMG_20260320_012541521_HDR.jpg,Fitzroy Terrace,reviewed
IMG_20260320_012545201_HDR.jpg,Fitzroy Terrace,reviewed
IMG_20260320_012605136_HDR.jpg,Fitzroy Terrace,reviewed
IMG_20260320_012613281_HDR.jpg,Fitzroy Terrace,reviewed
IMG_20260320_012618526_HDR.jpg,Fitzroy Terrace,reviewed
IMG_20260320_012629765_HDR.jpg,Fitzroy Terrace,reviewed
IMG_20260320_012656551_HDR.jpg,33 Kensington Ave (Uncle Vintage),reviewed
IMG_20260320_012706597_HDR.jpg,35 Kensington Ave ,reviewed
IMG_20260320_012859287_HDR.jpg,38 Kensington Ave (Lost Boys Vintage),reviewed
IMG_20260320_012906257_HDR.jpg,40 Kensington Ave (Lola Bar & Restaurant) ,reviewed
IMG_20260320_012917359_HDR.jpg,42 Kensington Ave (Butterfly) ,reviewed
IMG_20260320_012926854_HDR.jpg,44 Kensington Ave (CrazyLoko Vintage),reviewed
IMG_20260320_012934622_HDR.jpg,46 Kensington Ave (Fong On Foods Ltd.),reviewed
IMG_20260320_012951226_HDR.jpg,Kensington Ave ,reviewed
IMG_20260320_012958779_HDR.jpg,48-52 Kensington Ave (Essence of Life Organics),reviewed
IMG_20260321_011506226_HDR.jpg,299 Spadina Ave (Hua Sheng Supermarket),reviewed
IMG_20260321_011522184_HDR.jpg,Spadina Ave,flagged
IMG_20260321_011542621_HDR.jpg,303 Spadina Ave (Wong Association of Ontario),reviewed
IMG_20260321_011606295_HDR.jpg,310-346 Spadina Ave,reviewed
IMG_20260321_011638057_HDR.jpg,332-346 Spadina Ave,reviewed
IMG_20260321_011706330_HDR.jpg,Spadina Ave,flagged
IMG_20260321_011708360_HDR.jpg,346-358 Spadina Ave,reviewed
IMG_20260321_011731392_HDR.jpg,350 Spadina Ave (Phở Hưng Restaurant),reviewed
IMG_20260321_011755007_HDR.jpg,350-372 Spadina Ave,reviewed
IMG_20260321_011803680_HDR.jpg,333 Spadina Ave (Mr. Fish Chinese Restaurant),reviewed
IMG_20260321_011810485_HDR.jpg,337 Spadina Ave (LCBO) ,reviewed
IMG_20260321_011833282_HDR.jpg,"Spadina Ave (43.654803, -79.398650)",reviewed
IMG_20260321_011837216_HDR.jpg,"Spadina Ave (43.654803, -79.398650)",reviewed
IMG_20260321_011849021_HDR.jpg,"Spadina Ave (43.654803, -79.398650)",reviewed
IMG_20260321_011907458_HDR.jpg,360-376 Spadina Ave,reviewed
IMG_20260321_011934353_HDR.jpg,335 Spadina Ave (Chopfire 西门炊烟),reviewed
IMG_20260321_011949310_HDR.jpg,341 Spadina Ave (ChaTraMue),reviewed
IMG_20260321_011959533_HDR.jpg,343 Spadina Ave (Sang's Great Seafood Restaurant),reviewed
IMG_20260321_012015392_HDR.jpg,376-398 Spadina Ave,reviewed
IMG_20260321_012028704_HDR.jpg,353 Spadina Ave (New Sky Restaurant),reviewed
IMG_20260321_012040106_HDR.jpg,"Spadina Ave / Baldwin St (43.655200, -79.398813)",reviewed
IMG_20260321_012049190_HDR.jpg,380-398 Spadina Ave,reviewed
IMG_20260321_012055339_HDR.jpg,355 Spadina Ave (Daldongnae / Project Seoul),reviewed
IMG_20260321_012059208_HDR.jpg,357 Spadina Ave (Tastys Chicken & Donuts),reviewed
IMG_20260321_012105479_HDR.jpg,Spadina Ave,flagged
IMG_20260321_012117951_HDR.jpg,386-398 Spadina Ave,reviewed
IMG_20260321_012122738_HDR.jpg,361 Spadina Ave (Ramen Station),reviewed
IMG_20260321_012137415_HDR.jpg,363 Spadina Ave (CREEPS),reviewed
IMG_20260321_012143327_HDR.jpg,365 Spadina Ave (YSM Evergreen Centre for Street-Involved Youth),reviewed
IMG_20260320_013003814_HDR.jpg,36 St Andrew (Kensington Fruit Market),reviewed
IMG_20260320_013016711_HDR.jpg,55 Kensington Ave (Lost Gen Vintage),reviewed
IMG_20260320_013027868_HDR.jpg,54-56 Kensington Ave (Clothin by AIM / Kensington Hall / Acid Reign Productions / Brimz Hat Boutique / ,reviewed
IMG_20260320_013041588_HDR.jpg,59-57 Kensington Ave,reviewed
IMG_20260320_013057746_HDR.jpg,61-57 Kensington Ave (Kensington Jerk & Pasta/ Fruit Market),reviewed
IMG_20260320_013118234_HDR.jpg,58-60 Kensington Ave,reviewed
IMG_20260320_013121944_HDR.jpg,60 Kensington Ave (Exile Vintage),reviewed
IMG_20260320_013127060_HDR.jpg,67 Kensington Ave,reviewed
IMG_20260320_013136809_HDR.jpg,64 Kensington Ave (Tutti Frutti),reviewed
IMG_20260320_013143510_HDR.jpg,Kensington Ave,flagged
IMG_20260320_013156513_HDR.jpg,66 Kensington Ave (BAZAAR Gift Shop),reviewed
IMG_20260320_013207264_HDR.jpg,71 Kensington Ave,reviewed
IMG_20260320_013216898_HDR.jpg,"43.654452, -79.400550",reviewed
IMG_20260320_013228868_HDR.jpg,"43.654494, -79.400332",reviewed
IMG_20260320_013239638_HDR.jpg,"43.654508, -79.400223",reviewed
IMG_20260320_013244573_HDR.jpg,"43.654508, -79.400223",reviewed
IMG_20260320_013251485_HDR.jpg,"43.654508, -79.400223",reviewed
IMG_20260320_013306148_HDR.jpg,"43.654508, -79.400223",reviewed
IMG_20260320_013316686_HDR.jpg,"43.654508, -79.400223",reviewed
IMG_20260320_013332016_HDR.jpg,"43.654508, -79.400223",reviewed
IMG_20260320_013425709_HDR.jpg,73 Kensington Ave (TribalEye),reviewed
IMG_20260320_013439108_HDR.jpg,75 Kensington Ave,reviewed
IMG_20260320_013447014_HDR.jpg,76 Kensington Ave (Global Cheese Shoppe),reviewed
IMG_20260320_013450968_HDR.jpg,76 Kensington Ave (Global Cheese Shoppe),reviewed
IMG_20260320_013506039_HDR.jpg,74 Kensington Ave (Blissie),reviewed
IMG_20260320_013514331_HDR.jpg,"80 Kensington Ave (Love, Calista)",reviewed
IMG_20260320_013528716_HDR.jpg,77-79 Kensington Ave (Blaze District / The Dirty Bird Chicken + Waffles (closed)),reviewed
IMG_20260320_013538087_HDR.jpg,181 Baldwin St (Fun Guyz) / 77 Kensington Ave (Blaze District),reviewed
IMG_20260320_162017009_HDR.jpg,29-25 Casimir St,reviewed
IMG_20260320_162026200_HDR.jpg,23-15 Casimir St,reviewed
IMG_20260320_162032561_HDR.jpg,11Casimir St,reviewed
IMG_20260320_162048197_HDR.jpg,11 Casimir St,reviewed
IMG_20260320_162051019_HDR.jpg,9A Casimir St,reviewed
IMG_20260320_162058493_HDR.jpg,9 Casimir St,reviewed
IMG_20260320_162119159_HDR.jpg,5 Casimir St,reviewed
IMG_20260320_162122530_HDR.jpg,3 Casimir St,reviewed
IMG_20260320_162135759_HDR.jpg,674 Dundas St,reviewed
IMG_20260320_162157624_HDR.jpg,Dundas St,reviewed
IMG_20260320_162206000_HDR.jpg,674 Dundas St,reviewed
IMG_20260320_162220967_HDR.jpg,Dundas St,reviewed
IMG_20260320_162228469_HDR.jpg,674 Dundas St,reviewed
IMG_20260320_162237461_HDR.jpg,674 Dundas St,reviewed
IMG_20260320_162246054_HDR.jpg,Casimir St,reviewed
IMG_20260320_162300863_HDR.jpg,29-27 Casimir St,reviewed
IMG_20260320_162308200_HDR.jpg,12 Casimir St,reviewed
IMG_20260320_162312340_HDR.jpg,Casimir St.,reviewed
IMG_20260320_162323452_HDR.jpg,4-6 Casimir St. ,reviewed
IMG_20260320_162333491_HDR.jpg,Lane North Dundas West Hickory,reviewed
IMG_20260320_162339905_HDR.jpg,Lane North Dundas West Hickory,reviewed
IMG_20260320_162357611_HDR.jpg,Lane North Dundas West Hickory,reviewed
IMG_20260320_162412508_HDR.jpg,Lane North Dundas West Hickory,reviewed
IMG_20260320_162420591_HDR.jpg,Lane North Dundas West Hickory,reviewed
IMG_20260320_162426061_HDR.jpg,Lane North Dundas West Hickory,reviewed
IMG_20260320_162438543_HDR.jpg,Lane North Dundas West Hickory,reviewed
IMG_20260320_162447168_HDR.jpg,Lane North Dundas West Hickory,reviewed
IMG_20260320_162456446_HDR.jpg,Lane North Dundas West Hickory,reviewed
IMG_20260321_012202560_HDR.jpg,392-404 Spadina Ave,reviewed
IMG_20260321_012210623_HDR.jpg,369 Spadina Ave (Yin Ji Chang Fen 銀記腸粉),reviewed
IMG_20260321_012216885_HDR.jpg,371 Spadina Ave (CoCo Fresh Tea & Juice),reviewed
IMG_20260321_012220287_HDR.jpg,373 Spadina Ave (FLAMING NOODLES / 成嘟嘟燃面),reviewed
IMG_20260321_012226991_HDR.jpg,375 Spadina Ave (Bảnk Bao),reviewed
IMG_20260321_012236207_HDR.jpg,377 Spadina Ave (Grossman's Tavern),reviewed
IMG_20260321_012253507_HDR.jpg,400-414 Spadina Ave,reviewed
IMG_20260321_012312585_HDR.jpg,404-428 Spadina Ave,reviewed
IMG_20260321_012316655_HDR.jpg,381 Spadina Ave (Sizzler Kabab),reviewed
IMG_20260321_012324123_HDR.jpg,383 Spadina Ave (Anh Dao Restaurant),reviewed
IMG_20260321_012333964_HDR.jpg,387 Spadina Ave (Jo's Cha 茶救星球) / 385 (Soul Made Cafe),reviewed
IMG_20260321_012346367_HDR.jpg,414-428 Spadina Ave,reviewed
IMG_20260321_012356015_HDR.jpg,389 Spadina Ave (Collective),reviewed
IMG_20260321_012409864_HDR.jpg,395 Spadina Ave (In Fashion Bead House),reviewed
IMG_20260321_012422660_HDR.jpg,Spadina Ave / Oxford St,reviewed
IMG_20260321_012429922_HDR.jpg,401 Spadina Ave (Tankx Ebike) / 399 (Reiwatakiya) / 397 (HANBINGO 한빙고),reviewed
IMG_20260321_012443965_HDR.jpg,405 Spadina Ave (Tasty's Caribbean Cuisine),reviewed
IMG_20260321_012454757_HDR.jpg,409 Spadina Ave (A Chinese Cuisine 老味砂锅) / 407 (茶宴 CHAYAN),reviewed
IMG_20260321_012459265_HDR.jpg,411 Spadina Ave (Play De Record),reviewed
IMG_20260321_012502233_HDR.jpg,Spadina Ave,flagged
IMG_20260321_012509450_HDR.jpg,Spadina Ave,flagged
IMG_20260321_012512682_HDR.jpg,438-442 Spadina Ave,reviewed
IMG_20260321_012517627_HDR.jpg,417 Spadina Ave (Mexi-Pak FusionTaco´S),reviewed
IMG_20260321_012521743_HDR.jpg,419 Spadina Ave (Kung Fu Duck),reviewed
IMG_20260321_012534292_HDR.jpg,421 Spadina Ave (Mother's Dumplings),reviewed
IMG_20260321_012541457_HDR.jpg,427 Spadina Ave (Lucky's Trading Co. Ltd.) / ,reviewed
IMG_20260321_012551182_HDR.jpg,444-458 Spadina Ave,reviewed
IMG_20260321_012557786_HDR.jpg,431 Spadina Ave (Korean Grill House),reviewed
IMG_20260320_154320400_HDR.jpg,99 Bellevue Ave,reviewed
IMG_20260320_154328015_HDR.jpg,99 Bellevue Ave,reviewed
IMG_20260320_154341055_HDR.jpg,122 Bellevue Ave,reviewed
IMG_20260320_154349472_HDR.jpg,120 Bellevue Ave,reviewed
IMG_20260320_154354311_HDR.jpg,114 Bellevue Ave,reviewed
IMG_20260320_154402124_HDR.jpg,116 Bellevue Ave,reviewed
IMG_20260320_154411214_HDR.jpg,114 Bellevue Ave,reviewed
IMG_20260320_154417856_HDR.jpg,114 Bellevue Ave,reviewed
IMG_20260320_154429910_HDR.jpg,112 Bellevue Ave,reviewed
IMG_20260320_154442949_HDR.jpg,110 Bellevue Ave,reviewed
IMG_20260320_154512889_HDR.jpg,102 Bellevue Ave,reviewed
IMG_20260320_154522091_HDR.jpg,100 Bellevue Ave,reviewed
IMG_20260320_154607700_HDR.jpg,96 Bellevue Ave,reviewed
IMG_20260320_154613024_HDR.jpg,96 Bellevue Ave,reviewed
IMG_20260320_154628220_HDR.jpg,87 Bellevue Ave,reviewed
IMG_20260320_154646460_HDR.jpg,91 Oxford St,reviewed
IMG_20260320_154653248_HDR.jpg,91 Oxford St,reviewed
IMG_20260320_154705794_HDR.jpg,Bellevue Ave / Oxford St,reviewed
IMG_20260320_154732004_HDR.jpg,91 Oxford St,reviewed
IMG_20260320_154743969_HDR.jpg,94 Bellevue Ave,reviewed
IMG_20260320_154749360_HDR.jpg,92 Bellevue Ave,reviewed
IMG_20260320_154755582_HDR.jpg,90 Bellevue Ave,reviewed
IMG_20260320_154819091_HDR.jpg,77 Bellevue Ave,reviewed
IMG_20260320_154828319_HDR.jpg,86-88 Bellevue Ave,reviewed
IMG_20260320_154838385_HDR.jpg,84-86 Bellevue Ave,reviewed
IMG_20260320_154851616_HDR.jpg,82 Bellevue Ave,reviewed
IMG_20260320_154859762_HDR.jpg,75-73 Bellevue Ave,reviewed
IMG_20260320_155515415_HDR.jpg,70 Nassau St,reviewed
IMG_20260320_155524505_HDR.jpg,70 Nassau St,reviewed
IMG_20260320_155541357_HDR.jpg,68 Nassau St,reviewed
IMG_20260320_155552907_HDR.jpg,66 Nassau St (Ozzy's Burgers),reviewed
IMG_20260320_155559547_HDR.jpg,66 Nassau St (Ozzy's Burgers),reviewed
IMG_20260320_155610428_HDR.jpg,234 Augusta Ave (Dolce Gelato),reviewed
IMG_20260320_155624871_HDR.jpg,234 Augusta Ave (Dolce Gelato),reviewed
IMG_20260320_155632717_HDR.jpg,234 Augusta Ave (Dolce Gelato),reviewed
IMG_20260320_155640389_HDR.jpg,230 Augusta Ave (Eative),reviewed
IMG_20260320_155646365_HDR.jpg,230 Augusta Ave (Eative),reviewed
IMG_20260320_155657286_HDR.jpg,230 Augusta Ave (Eative),reviewed
IMG_20260320_155707219_HDR.jpg,67 Nassau St,reviewed
IMG_20260320_155719448_HDR.jpg,69 Nassau St (Ronnie's Local 069),reviewed
IMG_20260320_155730668_HDR.jpg,69 Nassau St (Paul's Boutique),reviewed
IMG_20260320_155738527_HDR.jpg,71 Nassau St,reviewed
IMG_20260320_155747126_HDR.jpg,73 Nassau St,reviewed
IMG_20260320_155754964_HDR.jpg,75 Nassau St (The Harmony Cafe/Bar),reviewed
IMG_20260320_155802237_HDR.jpg,75 Nassau St (The Harmony Cafe/Bar),reviewed
IMG_20260320_155811305_HDR.jpg,79 Nassau St (Bristol Car and Truck Rental),reviewed
IMG_20260320_155816307_HDR.jpg,79 Nassau St (Bristol Car and Truck Rental),reviewed
IMG_20260320_155827290_HDR.jpg,61 Bellevue (Kos Restaurant),reviewed
IMG_20260320_155842143_HDR.jpg,61 Bellevue (Kos Restaurant),reviewed
IMG_20260320_155851715_HDR.jpg,61 Bellevue (Kos Restaurant),reviewed
IMG_20260320_155857925_HDR.jpg,61 Bellevue (Kos Restaurant),reviewed
IMG_20260320_155936340_HDR.jpg,61 Bellevue (Kos Restaurant),reviewed
IMG_20260320_155939366_HDR.jpg,61 Bellevue (Kos Restaurant),reviewed
IMG_20260320_155954482_HDR.jpg,61 Bellevue (Kos Restaurant),reviewed
IMG_20260320_174802084_HDR.jpg,132 Bellevue Ave (Toronto Fire Station 315),reviewed
IMG_20260320_174813258_HDR.jpg,132 Bellevue Ave (Toronto Fire Station 315),reviewed
IMG_20260320_174825037_HDR.jpg,132 Bellevue Ave (Toronto Fire Station 315),reviewed
IMG_20260320_174828394_HDR.jpg,132 Bellevue Ave (Toronto Fire Station 315),reviewed
IMG_20260320_174852969_HDR.jpg,132 Bellevue Ave (Toronto Fire Station 315),reviewed
IMG_20260320_174907685_HDR.jpg,132 Bellevue Ave (Toronto Fire Station 315),reviewed
IMG_20260320_174910637_HDR.jpg,132 Bellevue Ave (Toronto Fire Station 315),reviewed
IMG_20260320_174913801_HDR.jpg,132 Bellevue Ave (Toronto Fire Station 315),reviewed
IMG_20260320_174919512_HDR.jpg,132 Bellevue Ave (Toronto Fire Station 315),reviewed
IMG_20260320_174930536_HDR.jpg,132 Bellevue Ave (Toronto Fire Station 315),reviewed
IMG_20260320_174945613_HDR.jpg,374 College St (Pho Ha Noi / Junjun Hotel) / 372a (Kaisar Guest House) / 370 (Ohiru Cafe / Sampo Japanese Bar & Restaurant) / 368 / 366 (Lebanese Garden) / 364 / 362,reviewed
IMG_20260320_175042083_HDR.jpg,360 College St (The UPS Store - DHL / HeartHealth Medical Centre / Augusta Central Pharmacy /AccuRehab Centre) / 358 / 356 (Sue Fung's Dimsum Canteen 小鳯食堂),reviewed
IMG_20260320_175057262_HDR.jpg,St.Stephen-In-The-Fields Church,reviewed
IMG_20260320_175107401_HDR.jpg,The Doctors' Parkette (College St / Brunswick Ave),reviewed
IMG_20260320_175126224_HDR.jpg,340 College St.,reviewed
IMG_20260320_175136817_HDR.jpg,St.Stephen-In-The-Fields Church,reviewed
IMG_20260320_175139313_HDR.jpg,St.Stephen-In-The-Fields Church,reviewed
IMG_20260320_175150786_HDR.jpg,St.Stephen-In-The-Fields Church,reviewed
IMG_20260320_175152788_HDR.jpg,St.Stephen-In-The-Fields Church,reviewed
IMG_20260320_175202624_HDR.jpg,St.Stephen-In-The-Fields Church,reviewed
IMG_20260320_175208426_HDR.jpg,St.Stephen-In-The-Fields Church,reviewed
IMG_20260320_175212895_HDR.jpg,St.Stephen-In-The-Fields Church,reviewed
IMG_20260320_175225107_HDR.jpg,St.Stephen-In-The-Fields Church,reviewed
IMG_20260320_175228392_HDR.jpg,St.Stephen-In-The-Fields Church,reviewed
IMG_20260320_175237095_HDR.jpg,St.Stephen-In-The-Fields Church,reviewed
IMG_20260320_175246308_HDR.jpg,St.Stephen-In-The-Fields Church,reviewed
IMG_20260320_175253378_HDR.jpg,St.Stephen-In-The-Fields Church,reviewed
IMG_20260320_154909304_HDR.jpg,80 Bellevue Ave,reviewed
IMG_20260320_154914154_HDR.jpg,80 Bellevue Ave,reviewed
IMG_20260320_154920032_HDR.jpg,78 Bellevue Ave,reviewed
IMG_20260320_154938793_HDR.jpg,71-69 Bellevue Ave,reviewed
IMG_20260320_154948011_HDR.jpg,67 Bellevue Ave,reviewed
IMG_20260320_154959217_HDR.jpg,76-78 Bellevue Ave,reviewed
IMG_20260320_155016052_HDR.jpg,72 Nassau St,reviewed
IMG_20260320_155024971_HDR.jpg,72 Nassau St,reviewed
IMG_20260320_155037469_HDR.jpg,70 Bellevue Ave,reviewed
IMG_20260320_155050800_HDR.jpg,90 Nassau St,reviewed
IMG_20260320_155056787_HDR.jpg,90 Nassau St,reviewed
IMG_20260320_155111167_HDR.jpg,90 Nassau St,reviewed
IMG_20260320_155132721_HDR.jpg,61a Bellevue Avenue,reviewed
IMG_20260320_155216158_HDR.jpg,63-61a Bellevue Ave ,reviewed
IMG_20260320_155221742_HDR.jpg,65-63 Bellevue Av. ,reviewed
IMG_20260320_155250679_HDR.jpg,61a Bellevue Ave / 88-86a Nassau St,reviewed
IMG_20260320_155301658_HDR.jpg,88-86 Nassau St,reviewed
IMG_20260320_155318425_HDR.jpg,86 Nassau St (Yarns Untangled),reviewed
IMG_20260320_155327565_HDR.jpg,84 Nassau St,reviewed
IMG_20260320_155335427_HDR.jpg,84 Nassau St,reviewed
IMG_20260320_155359158_HDR.jpg,82 Nassau St (Hardboiled Inc.),reviewed
IMG_20260320_155418260_HDR.jpg,80 Nassau St,reviewed
IMG_20260320_155424655_HDR.jpg,80 Nassau St,reviewed
IMG_20260320_155435964_HDR.jpg,78 Nassau St (Boho Chachkies),reviewed
IMG_20260320_155444383_HDR.jpg,76 Nassau St,reviewed
IMG_20260320_155454653_HDR.jpg,74 Nassau St,reviewed
IMG_20260320_175811935_HDR.jpg,87 Bellevue Ave (Back Alley : Campbell Russell Lane),reviewed
IMG_20260320_175819217_HDR.jpg,87 Bellevue Ave (Back Alley : Campbell Russell Lane),reviewed
IMG_20260320_175847647_HDR.jpg,87 Bellevue Ave (Back Alley : Campbell Russell Lane),reviewed
IMG_20260320_175852348_HDR.jpg,87 Bellevue Ave (Back Alley : Campbell Russell Lane),reviewed
IMG_20260320_175905239_HDR.jpg,87 Bellevue Ave (Back Alley : Campbell Russell Lane),reviewed
IMG_20260320_175914034_HDR.jpg,87 Bellevue Ave (Back Alley : Campbell Russell Lane),reviewed
IMG_20260320_175922270_HDR.jpg,87 Bellevue Ave (Back Alley : Campbell Russell Lane),reviewed
IMG_20260320_175926605_HDR.jpg,87 Bellevue Ave (Back Alley : Campbell Russell Lane),reviewed
IMG_20260320_175935306_HDR.jpg,87 Bellevue Ave (Back Alley : Campbell Russell Lane),reviewed
IMG_20260320_175959414_HDR.jpg,87 Bellevue Ave (Back Alley : Campbell Russell Lane),reviewed
IMG_20260320_180026107_HDR.jpg,,flagged
IMG_20260320_180031156_HDR.jpg,87 Bellevue Ave,reviewed
IMG_20260320_180045706_HDR.jpg,78 Oxford St,reviewed
IMG_20260320_180101570_HDR.jpg,76 Oxford St,reviewed
IMG_20260320_180110180_HDR.jpg,85-87 Oxford St,reviewed
IMG_20260320_180119515_HDR.jpg,81-83 Oxford St,reviewed
IMG_20260320_180127766_HDR.jpg,87 Bellevue Ave (Back Alley : Campbell Russell Lane),reviewed
IMG_20260320_180137073_HDR.jpg,77-79 Oxford St,reviewed
IMG_20260320_180157165_HDR.jpg,75 Oxford St,reviewed
IMG_20260320_180206026_HDR.jpg,73 Oxford St,reviewed
IMG_20260320_180214229_HDR.jpg,71 Oxford St,reviewed
IMG_20260320_180223987_HDR.jpg,71 Oxford St,reviewed
IMG_20260320_180227213.jpg,71 Oxford St,reviewed
IMG_20260320_180230078_HDR.jpg,71 Oxford St,reviewed
IMG_20260320_180244898_HDR.jpg,256 Augusta Ave,reviewed
IMG_20260320_180335702_HDR.jpg,264 Augusta Ave,reviewed
IMG_20260320_213057847_HDR.jpg,201-199 Augusta Ave (Grey Gardens),reviewed
IMG_20260320_213111024_HDR.jpg,197-195 Augusta Ave,reviewed
IMG_20260320_213126458_HDR.jpg,,flagged
IMG_20260320_213129361_HDR.jpg,189 Augusta Ave (Kwong Hoi Association / Baazigar- Indian Street Food & Bar),reviewed
IMG_20260320_213141600_HDR.jpg,187 Augusta Ave,reviewed
IMG_20260320_213150832_HDR.jpg,185a Augusta Ave,reviewed
IMG_20260320_213200472_HDR.jpg,183 Augusta Ave,reviewed
IMG_20260320_213205909_HDR.jpg,181 Augusta Ave (Sinaloa Factory),reviewed
IMG_20260320_213210097_HDR.jpg,181 Augusta Ave (Sinaloa Factory),reviewed
IMG_20260320_213226633_HDR.jpg,Augusta Ave,flagged
IMG_20260320_213230375_HDR.jpg,Augusta Ave,flagged
IMG_20260320_213257943_HDR.jpg,167 Augusta Ave (U Can Vape),reviewed
IMG_20260320_213319453_HDR.jpg,157 Augusta Ave (Tin Sing International Trading),reviewed
IMG_20260320_213343312_HDR.jpg,149 Augusta Ave (Dy Nail Studio),reviewed
IMG_20260320_213357070_HDR.jpg,145 Augusta Ave (Weekend Characters),reviewed
IMG_20260320_213412826_HDR.jpg,143 Augusta Ave (Reto Heads Vintage),reviewed
IMG_20260320_213559168_HDR.jpg,560 Dundas St (People Hair Salon),reviewed
IMG_20260320_213617914_HDR.jpg,558 Dundas St (Better Gift Shop),reviewed
IMG_20260320_213624042_HDR.jpg,558 Dundas St (Hu Chun Tang),reviewed
IMG_20260320_213638352_HDR.jpg,548 Dundas St (Toronto Hong Luck Kung Fu Association),reviewed
IMG_20260320_213701988_HDR.jpg,544 Dundas St (Heang's Hair Salon),reviewed
IMG_20260320_213707885_HDR.jpg,544 Dundas St (Heang's Hair Salon),reviewed
IMG_20260320_213721233_HDR.jpg,538 Dundas St (Banh Mi Ba Le),reviewed
IMG_20260320_213725079_HDR.jpg,Augusta Ave,flagged
IMG_20260320_213733046_HDR.jpg,Augusta Ave,flagged
IMG_20260320_213747760_HDR.jpg,530 Dundas St (Wok Theory | 新天虹) ,reviewed
IMG_20260320_173102780_HDR.jpg,453 Bathurst St,reviewed
IMG_20260320_173109423_HDR.jpg,455 Bathurst St,reviewed
IMG_20260320_173119135_HDR.jpg,457 Bathurst St,reviewed
IMG_20260320_173122508_HDR.jpg,457 Bathurst St,reviewed
IMG_20260320_173129247_HDR.jpg,459 Bathurst St,reviewed
IMG_20260320_173138959_HDR.jpg,461-459 Bathurst St,reviewed
IMG_20260320_173149805_HDR.jpg,461 Bathurst St,reviewed
IMG_20260320_173154302_HDR.jpg,463 Bathurst St (Cineforum),reviewed
IMG_20260320_173159389_HDR.jpg,465 Bathurst St,reviewed
IMG_20260320_173204936_HDR.jpg,465 Bathurst St (in front of),reviewed
IMG_20260320_173212287_HDR.jpg,465 Bathurst St,reviewed
IMG_20260320_173227915_HDR.jpg,467 Bathurst St,reviewed
IMG_20260320_173229969_HDR.jpg,469 Bathurst St,reviewed
IMG_20260320_173237313_HDR.jpg,471 Bathurst St,reviewed
IMG_20260320_173247280_HDR.jpg,473 Bathurst St,reviewed
IMG_20260320_173303191_HDR.jpg,475 Bathurst St,reviewed
IMG_20260320_173306898_HDR.jpg,477 Bathurst St,reviewed
IMG_20260320_173314827_HDR.jpg,"43.655899, -79.407373",reviewed
IMG_20260320_173319503_HDR.jpg,479 Bathurst St,reviewed
IMG_20260320_173325277_HDR.jpg,481 Bathurst St,reviewed
IMG_20260320_173330517_HDR.jpg,483 Bathurst St,reviewed
IMG_20260320_173340860_HDR.jpg,"43.656051, -79.407434",reviewed
IMG_20260320_173348919_HDR.jpg,"43.656051, -79.407434",reviewed
IMG_20260320_173351368_HDR.jpg,"43.656051, -79.407434",reviewed
IMG_20260320_173359840_HDR.jpg,"43.656149, -79.407469",reviewed
IMG_20260321_012607072_HDR.jpg,435 Spadina Ave (Qin's Garden) / 433 (Vacant),reviewed
IMG_20260321_012618864_HDR.jpg,Spadina Ave,reviewed
IMG_20260321_012623711_HDR.jpg,439 Spadina Ave (Vacant),reviewed
IMG_20260321_012631860_HDR.jpg,Spadina Ave Westbound (Lane S College Spadina - College St),reviewed
IMG_20260321_012635669_HDR.jpg,267 College St (Pizza Nova),reviewed
IMG_20260321_012642248_HDR.jpg,267 College St (Popeyes Louisiana Kitchen),reviewed
IMG_20260321_012651579_HDR.jpg,Spadina Ave,flagged
IMG_20260321_012657140_HDR.jpg,267 College St (Burger King),reviewed
IMG_20260321_012714485_HDR.jpg,Spadina Ave / College St (South East corner facing North West)),reviewed
IMG_20260321_012717201_HDR.jpg,Spadina Ave / College St (South East corner facing West)),reviewed
IMG_20260321_012727606_HDR.jpg,Spadina Ave / College St (South East corner facing North),reviewed
IMG_20260321_012747645.jpg,Spadina Ave / College St (North East corner panorama)),reviewed
IMG_20260321_012816335.jpg,Spadina Ave / College St (North East corner panorama)),reviewed
IMG_20260321_012843100_HDR.jpg,Spadina Ave / College St (North East facing south west),reviewed
IMG_20260321_012924795_HDR.jpg,Spadina Ave / College St (North East facing west),reviewed
IMG_20260321_012939838_HDR.jpg,Spadina Ave / College St (North East facing west),reviewed
IMG_20260321_013001412_HDR.jpg,Spadina Ave / College St (North East facing south west),reviewed
IMG_20260321_013138642_HDR.jpg,474 Spadina Ave (Rexall) / 277 College St,reviewed
IMG_20260321_013200818_HDR.jpg,275-289 College St (Jump+),reviewed
IMG_20260321_013222459_HDR.jpg,283-289 College St,reviewed
IMG_20260321_013250856_HDR.jpg,295 College St (Royal Care Walk-in Clinic + others),reviewed
IMG_20260321_013321378_HDR.jpg,297 College St (T&T Supermarket + others),reviewed
IMG_20260321_013327971_HDR.jpg,297 College St (T&T Supermarket + others),reviewed
IMG_20260321_013354867_HDR.jpg,317-323 College St,reviewed
IMG_20260321_013428355_HDR.jpg,339-341 College St.  ,reviewed
IMG_20260320_161521277_HDR.jpg,"Toronto Western Hospital, 399 Bathurst St",reviewed
IMG_20260320_161527689_HDR.jpg,"Toronto Western Hospital, 399 Bathurst St",reviewed
IMG_20260320_161538803_HDR.jpg,"Toronto Western Hospital, 399 Bathurst St",reviewed
IMG_20260320_161547741_HDR.jpg,"Toronto Western Hospital, 399 Bathurst St",reviewed
IMG_20260320_161602175_HDR.jpg,"Toronto Western Hospital, 399 Bathurst St",reviewed
IMG_20260320_161605059_HDR.jpg,"Toronto Western Hospital, 399 Bathurst St",reviewed
IMG_20260320_161623766_HDR.jpg,"Toronto Western Hospital, 399 Bathurst St",reviewed
IMG_20260320_161641299_HDR.jpg,Dundas St / Carlyle St,reviewed
IMG_20260320_161718888_HDR.jpg,"Toronto Western Hospital, 399 Bathurst St",reviewed
IMG_20260320_161800966_HDR.jpg,"Toronto Western Hospital, 399 Bathurst St",reviewed
IMG_20260320_161804489_HDR.jpg,"Toronto Western Hospital, 399 Bathurst St",reviewed
IMG_20260320_161812505_HDR.jpg,15 Carlyle St (Starling Automotive),reviewed
IMG_20260320_161832303_HDR.jpg,15 Carlyle St (Starling Automotive),reviewed
IMG_20260320_161844339_HDR.jpg,11 Carlyle St,reviewed
IMG_20260320_161853023_HDR.jpg,11 Carlyle St,reviewed
IMG_20260320_161858149_HDR.jpg,Lane North Dundas East Carlyle,reviewed
IMG_20260320_161911895_HDR.jpg,15 Carlyle St (Starling Automotive-Lane North Dundas East Carlyle),reviewed
IMG_20260320_161926625_HDR.jpg,Lane North Dundas East Carlyle,reviewed
IMG_20260320_161935408_HDR.jpg,Lane North Dundas East Carlyle,reviewed
IMG_20260320_161944063_HDR.jpg,Lane North Dundas East Carlyle,reviewed
IMG_20260320_161949947_HDR.jpg,29A Casimir St,reviewed
IMG_20260320_170804433_HDR.jpg,638 Dundas St (Greens Vegetarian Restaurant),reviewed
IMG_20260320_170835239_HDR.jpg,636 Dundas St,reviewed
IMG_20260320_170841935_HDR.jpg,640 Dundas St (PARANOID Streetwear Store),reviewed
IMG_20260320_170937037_HDR.jpg,658 Dundas St,reviewed
IMG_20260320_170942539_HDR.jpg,660 Dundas St,reviewed
IMG_20260320_170948475_HDR.jpg,662 Dundas St,reviewed
IMG_20260320_170953534_HDR.jpg,664 Dundas St,reviewed
IMG_20260320_170959131_HDR.jpg,666 Dundas St (Buddha's Vegan Restaurant),reviewed
IMG_20260320_171009400_HDR.jpg,670 Dundas St,reviewed
IMG_20260320_171022433_HDR.jpg,674 Dundas St,reviewed
IMG_20260320_171042247_HDR.jpg,674 Dundas St,reviewed
IMG_20260320_171122966_HDR.jpg,674 Dundas St,reviewed
IMG_20260320_171216295_HDR.jpg,"Dundas St / Casimir St (43.651986, -79.404080)",reviewed
IMG_20260320_171224666_HDR.jpg,"Dundas St / Casimir St (43.651986, -79.404080)",reviewed
IMG_20260320_171231188_HDR.jpg,"Dundas St (43.651979, -79.404208)",reviewed
IMG_20260320_171244522_HDR.jpg,10-8 Casimir St (Backyards),reviewed
IMG_20260320_171259426_HDR.jpg,11 Carlyle St,reviewed
IMG_20260320_171307501_HDR.jpg,11 Carlyle St,reviewed
IMG_20260320_171311136_HDR.jpg,11 Carlyle St (in front of),reviewed
IMG_20260320_171325196_HDR.jpg,11 Carlyle St,reviewed
IMG_20260320_171338761_HDR.jpg,11 Carlyle St,reviewed
IMG_20260318_182558444_HDR.jpg,"Kensington Market laneway (rear of houses, fire escape)",reviewed
IMG_20260318_182708795_HDR.jpg,196 Baldwin St,reviewed
IMG_20260318_182724309_HDR.jpg,194 Baldwin St,reviewed
IMG_20260318_182742801_HDR.jpg,192 Baldwin St,reviewed
IMG_20260318_182751778_HDR.jpg,190 Baldwin St (Tom's Place),reviewed
IMG_20260318_182759757_HDR.jpg,190 Baldwin St (Tom's Place),reviewed
IMG_20260318_182808371_HDR.jpg,188 Baldwin St,reviewed
IMG_20260318_182939846_HDR.jpg,188 Baldwin St,reviewed
IMG_20260318_182948035_HDR.jpg,Parking (4505),reviewed
IMG_20260318_183020619_HDR.jpg,184 Baldwin St (6x8 Market),reviewed
IMG_20260318_183031079_HDR.jpg,184 Baldwin St (6x8 Market),reviewed
IMG_20260318_183042293_HDR.jpg,182 Baldwin St (Cheese Magic),reviewed
IMG_20260318_183051740_HDR.jpg,180 Baldwin St (COAL AND CURRY),reviewed
IMG_20260318_183100320_HDR.jpg,178 Baldwin St (One Heart / Tacos 101 - Fruta Libre),reviewed
IMG_20260318_183331288_HDR.jpg,176 Baldwin St (Sanagan's Meat Locker),reviewed
IMG_20260318_183341404_HDR.jpg,174 Baldwin St (Aion Amor Ltd),reviewed
IMG_20260318_183354499_HDR.jpg,172 Baldwin St (Blackbird Baking Co.),reviewed
IMG_20260318_183404210_HDR.jpg,170 Baldwin St (The Heartbreak Chef),reviewed
IMG_20260318_183500795_HDR.jpg,Payphone Baldwin St,reviewed
IMG_20260318_183555544_HDR.jpg,Parking Baldwin St (4505),reviewed
IMG_20260318_183629337_HDR.jpg,170 Baldwin St (The Heartbreak Chef),reviewed
IMG_20260318_183641379_HDR.jpg,168 Baldwin St (House of Moses),reviewed
IMG_20260318_183702241_HDR.jpg,160 Baldwin St,reviewed
IMG_20260318_183714862_HDR.jpg,160 Baldwin St,reviewed
IMG_20260318_183723900_HDR.jpg,160 Baldwin St,reviewed
IMG_20260318_183733467_HDR.jpg,160 Baldwin St,reviewed
IMG_20260318_183741240_HDR.jpg,160 Baldwin St,reviewed
IMG_20260318_183750942_HDR.jpg,160 Baldwin St,reviewed
IMG_20260318_183758684_HDR.jpg,160 Baldwin St,reviewed
IMG_20260318_183822023_HDR.jpg,160 Baldwin St,reviewed
IMG_20260318_183830020_HDR.jpg,160 Baldwin St,reviewed
IMG_20260318_183838207_HDR.jpg,160 Baldwin St,reviewed
IMG_20260318_183843681_HDR.jpg,160 Baldwin St (in front of),reviewed
IMG_20260318_183852857_HDR.jpg,160 Baldwin St,reviewed
IMG_20260320_161204827_HDR.jpg,2 Bellevue Ave (Back Parking),reviewed
IMG_20260320_161213867_HDR.jpg,48-46 Wales Ave,reviewed
IMG_20260320_161219728_HDR.jpg,50-48 Wales Ave,reviewed
IMG_20260320_161224146_HDR.jpg,50-48 Wales Ave,reviewed
IMG_20260320_161231645_HDR.jpg,52 Wales Ave,reviewed
IMG_20260320_161237135_HDR.jpg,52 Wales Ave,reviewed
IMG_20260320_161240728_HDR.jpg,54-52 Wales Ave,reviewed
IMG_20260320_161246617_HDR.jpg,56-54 Wales Ave,reviewed
IMG_20260320_161255200_HDR.jpg,56-54 Wales Ave,reviewed
IMG_20260320_161259060_HDR.jpg,58 Wales Ave,reviewed
IMG_20260320_161305353_HDR.jpg,62-60 Wales Ave,reviewed
IMG_20260320_161318845_HDR.jpg,64 Wales Ave,reviewed
IMG_20260320_161325371_HDR.jpg,66 Wales Ave,reviewed
IMG_20260320_161339406_HDR.jpg,68 Wales Ave,reviewed
IMG_20260320_161347796_HDR.jpg,Toronto Western Hospital,reviewed
IMG_20260320_161403713_HDR.jpg,Toronto Western Hospital,reviewed
IMG_20260320_161408151_HDR.jpg,Toronto Western Hospital,reviewed
IMG_20260320_161411563_HDR.jpg,Toronto Western Hospital,reviewed
IMG_20260320_161421501_HDR.jpg,Wales Av,reviewed
IMG_20260320_161446217_HDR.jpg,Toronto Western Hospital,reviewed
IMG_20260320_163810357_HDR.jpg,Lane N Dundas W Denison Ave,reviewed
IMG_20260320_163814171_HDR.jpg,Lane N Dundas W Denison Ave,reviewed
IMG_20260320_163837830_HDR.jpg,Lane N Dundas W Denison Ave,reviewed
IMG_20260320_163846419_HDR.jpg,Lane N Dundas W Denison Ave,reviewed
IMG_20260320_163851435_HDR.jpg,Lane N Dundas W Denison Ave,reviewed
IMG_20260320_163904861_HDR.jpg,Lane N Dundas W Denison Ave,reviewed
IMG_20260320_163910600_HDR.jpg,Lane N Dundas W Denison Ave,reviewed
IMG_20260320_163919794_HDR.jpg,Lane N Dundas W Denison Ave,reviewed
IMG_20260320_163931629_HDR.jpg,Lane N Dundas W Denison Ave,reviewed
IMG_20260320_164032855_HDR.jpg,Lane N Dundas W Denison Ave,reviewed
IMG_20260320_164044430_HDR.jpg,142-144 Denison Ave,reviewed
IMG_20260320_164051123_HDR.jpg,142-144 Denison Ave,reviewed
IMG_20260320_164104480_HDR.jpg,146 Denison Ave,reviewed
IMG_20260320_164110253_HDR.jpg,148 Denison Ave,reviewed
IMG_20260320_164120062_HDR.jpg,148 Denison Ave,reviewed
IMG_20260320_164126941_HDR.jpg,148 Denison Ave,reviewed
IMG_20260320_164130132_HDR.jpg,148 Denison Ave,reviewed
IMG_20260320_164137375_HDR.jpg,148 Denison Ave,reviewed
IMG_20260320_164150215_HDR.jpg,148 Denison Ave,reviewed
IMG_20260320_164259969_HDR.jpg,Bellevue Park (South West Corner),reviewed
IMG_20260320_173601739_HDR.jpg,College St / Bathurst St,reviewed
IMG_20260320_173616615_HDR.jpg,431 College St / 505 Bathurst St,reviewed
IMG_20260320_173618832_HDR.jpg,431 College St / 505 Bathurst St,reviewed
IMG_20260320_173633277.jpg,455 College St (National Auto Parks Ltd.),reviewed
IMG_20260320_173711154_HDR.jpg,455 College St (National Auto Parks Ltd.),reviewed
IMG_20260320_173756211_HDR.jpg,431 College St (Sneaky Dee's),reviewed
IMG_20260320_173812805_HDR.jpg,431 College St (Sneaky Dee's),reviewed
IMG_20260320_173821682_HDR.jpg,429 College St (RBC Royal Bank),reviewed
IMG_20260320_173830113_HDR.jpg,429 College St (RBC Royal Bank),reviewed
IMG_20260320_173849371_HDR.jpg,440 College St (DaNico),reviewed
IMG_20260320_173852705_HDR.jpg,434 College St (Midnight Market) / 432 (MARSFOOD (closed) & Istanbul Shawarma) / 430 (El Rancho Restaurant) /  426 (Manic Coffee) / 424 (Hacienda Las Americas) / 422 (Bistro 422) / 420 (Pomegranate Restaurant),reviewed
IMG_20260320_173857765_HDR.jpg,423 College St (NEST/ Myst),reviewed
IMG_20260320_173907422_HDR.jpg,423 College St (NEST/ Myst),reviewed
IMG_20260320_173922404_HDR.jpg,423 College St (NEST/ Myst),reviewed
IMG_20260320_173933145_HDR.jpg,421 College St (Ramen Isshin),reviewed
IMG_20260320_173938712_HDR.jpg,421 College St (Ramen Isshin),reviewed
IMG_20260320_173946347_HDR.jpg,419 College St (Quetzal),reviewed
IMG_20260320_173953337_HDR.jpg,419 College St (in front of Quetzal),reviewed
IMG_20260318_145230301_HDR.jpg,63 Oxford St (Sonya's Parkette),reviewed
IMG_20260318_145239409_HDR.jpg,67 Oxford St,reviewed
IMG_20260318_145305650_HDR.jpg,60 Oxford St,reviewed
IMG_20260318_145314123_HDR.jpg,58 Oxford St,reviewed
IMG_20260318_145320023_HDR.jpg,58 Oxford St,reviewed
IMG_20260318_145326851_HDR.jpg,56 Oxford St,reviewed
IMG_20260318_145333406_HDR.jpg,52B Oxford St,reviewed
IMG_20260318_145343019_HDR.jpg,52 Oxford St,reviewed
IMG_20260318_145430499_HDR.jpg,52 Oxford St,reviewed
IMG_20260318_145437157_HDR.jpg,50 Oxford St,reviewed
IMG_20260318_145448913_HDR.jpg,48 Oxford St,reviewed
IMG_20260318_145453094_HDR.jpg,48 Oxford St,reviewed
IMG_20260318_145545175_HDR.jpg,48 Oxford St,reviewed
IMG_20260318_145603570_HDR.jpg,36 Oxford St (Ellen Ave),reviewed
IMG_20260318_145717761_HDR.jpg,48 Oxford St (Backyard),reviewed
IMG_20260318_145723009_HDR.jpg,"Ellen Ave (43.656622, -79.401905)",reviewed
IMG_20260318_145734642_HDR.jpg,"Ellen Ave (43.656622, -79.401905)",reviewed
IMG_20260318_185045556_HDR.jpg,234 Augusta Ave (Dolce Gelato),reviewed
IMG_20260318_185054611_HDR.jpg,257 Augusta Ave (The Organic Press),reviewed
IMG_20260318_185111435_HDR.jpg,257 Augusta Ave (The Organic Press),reviewed
IMG_20260318_185119973_HDR.jpg,259 Augusta Ave (Jessicas Seasons Wear),reviewed
IMG_20260318_185129468_HDR.jpg,261 Augusta Ave (The Canadian Hatter),reviewed
IMG_20260318_185135831_HDR.jpg,263 Augusta Ave (Ivy Dental),reviewed
IMG_20260318_185236635_HDR.jpg,234 Augusta Ave (Dolce Gelato),reviewed
IMG_20260318_185253748_HDR.jpg,236 Augusta Ave (The Economy Store),reviewed
IMG_20260318_185328813_HDR.jpg,238 Augusta Ave (Nina's Brunch Restaurant),reviewed
IMG_20260318_185338756_HDR.jpg,240 Augusta Ave (Little Pebbles Bagels & Cafe),reviewed
IMG_20260318_185414277_HDR.jpg,244 Augusta Ave (Bunner's Bakeshop),reviewed
IMG_20260318_185424042_HDR.jpg,250 Augusta Ave (10+ commercial units),reviewed
IMG_20260318_185434111_HDR.jpg,250 Augusta Ave (Public Butter),reviewed
IMG_20260318_185439811_HDR.jpg,250 Augusta Ave (Public Butter),reviewed
IMG_20260318_185521421_HDR.jpg,Parking Augusta Ave 4504,reviewed
IMG_20260318_185551795_HDR.jpg,252-254 Augusta Ave (Bureau Kensington),reviewed
IMG_20260318_185559772_HDR.jpg,254 Augusta Ave (Come As You Are),reviewed
IMG_20260320_172804515_HDR.jpg,Bus stop 16454 (Bathurst St at Nassau St - Toronto Western Hospital),reviewed
IMG_20260320_172809679_HDR.jpg,406-414 Bathurst St,reviewed
IMG_20260320_172813105_HDR.jpg,410 Bathurst St (Mr. Greek) / 440 (Firehouse Subs),reviewed
IMG_20260320_172816000_HDR.jpg,410 Bathurst St (Mr. Greek) / 430 (Winners),reviewed
IMG_20260320_172828055_HDR.jpg,150-152 Nassau St (Back on Bathurst),reviewed
IMG_20260320_172832631_HDR.jpg,429 Bathurst St,reviewed
IMG_20260320_172842184_HDR.jpg,431 Bathurst St,reviewed
IMG_20260320_172852161_HDR.jpg,435-433 Bathurst St,reviewed
IMG_20260320_172902306_HDR.jpg,435B Bathurst St,reviewed
IMG_20260320_172911476_HDR.jpg,441-439 Bathurst St,reviewed
IMG_20260320_172931224_HDR.jpg,410 Bathurst St (ScotiaBank / FreshCo) / 440 (City Optical),reviewed
IMG_20260320_172943762_HDR.jpg,445-443 Bathurst St,reviewed
IMG_20260320_173013967_HDR.jpg,445 Bathurst St,reviewed
IMG_20260320_173020268_HDR.jpg,Between 447-445 Bathurst St,reviewed
IMG_20260320_173028746_HDR.jpg,Between 447-445 Bathurst St,reviewed
IMG_20260320_173047897_HDR.jpg,447 Bathurst St,reviewed
IMG_20260320_173052367_HDR.jpg,449 Bathurst St,reviewed
IMG_20260318_185750500_HDR.jpg,254 Augusta Ave (Come As You Are),reviewed
IMG_20260318_185754793_HDR.jpg,71 Oxford St - Door beside 254 Augusta (Silver With Attitude),reviewed
IMG_20260318_185809272_HDR.jpg,71 Oxford St - Side of building on Augusta (Head To Toe Health Centre - closed),reviewed
IMG_20260318_185840397_HDR.jpg,71 Oxford St - Side of building on Augusta (Head To Toe Health Centre - closed),reviewed
IMG_20260318_185927726_HDR.jpg,235 Augusta Ave (Taqueria el pastorcito),reviewed
IMG_20260318_185930531_HDR.jpg,235 Augusta Ave (Taqueria el pastorcito),reviewed
IMG_20260318_190001719_HDR.jpg,281 Augusta Ave (koi ː japan sushi),reviewed
IMG_20260318_190019415_HDR.jpg,279 Augusta Ave (El Trompo),reviewed
IMG_20260318_190026010_HDR.jpg,277 Augusta Ave (El Trompo),reviewed
IMG_20260318_190036229_HDR.jpg,275 Augusta Ave (Orbital Arts Gallery),reviewed
IMG_20260318_190047922_HDR.jpg,273 Augusta Ave (Bungalow),reviewed
IMG_20260318_190056620_HDR.jpg,269 Augusta Ave (The Burgernator),reviewed
IMG_20260318_190117118_HDR.jpg,265 Augusta Ave,reviewed
IMG_20260320_151916757_HDR.jpg,353-355 College St,reviewed
IMG_20260320_151945247_HDR.jpg,357 College St (The Planet Traveler Hostel),reviewed
IMG_20260320_151954770_HDR.jpg,"St. Stephen-in-the-Fields church, Bellevue Ave at College St",reviewed
IMG_20260320_151959083_HDR.jpg,"St. Stephen-in-the-Fields church, Bellevue Ave at College St",reviewed
IMG_20260320_152017367_HDR.jpg,"St. Stephen-in-the-Fields church, Bellevue Ave at College St",reviewed
IMG_20260320_152052250_HDR.jpg,"St. Stephen-in-the-Fields church, Bellevue Ave at College St",reviewed
IMG_20260320_152125731_HDR.jpg,"St. Stephen-in-the-Fields church, Bellevue Ave at College St",reviewed
IMG_20260320_152220440_HDR.jpg,"St. Stephen-in-the-Fields church, Bellevue Ave at College St",reviewed
IMG_20260320_152228286_HDR.jpg,"St. Stephen-in-the-Fields church, Bellevue Ave at College St",reviewed
IMG_20260320_152251400_HDR.jpg,"St. Stephen-in-the-Fields church, Bellevue Ave at College St",reviewed
IMG_20260320_152318382_HDR.jpg,"St. Stephen-in-the-Fields church, Bellevue Ave at College St",reviewed
IMG_20260320_152338225_HDR.jpg,"St. Stephen-in-the-Fields church, Bellevue Ave at College St",reviewed
IMG_20260320_152349061_HDR.jpg,"St. Stephen-in-the-Fields church, Bellevue Ave at College St",reviewed
IMG_20260320_152521563_HDR.jpg,"St. Stephen-in-the-Fields church, Bellevue Ave at College St",reviewed
IMG_20260320_152529235_HDR.jpg,"St. Stephen-in-the-Fields church, Bellevue Ave at College St",reviewed
IMG_20260320_174506577_HDR.jpg,401 College St (Kensington Kids Early Learning Centre),reviewed
IMG_20260320_174530546_HDR.jpg,401 College St (Kensington Kids Early Learning Centre),reviewed
IMG_20260320_174545677_HDR.jpg,College St / Borden St,reviewed
IMG_20260320_174557784_HDR.jpg,Toronto Fire Station 315,reviewed
IMG_20260320_174601945_HDR.jpg,Toronto Fire Station 315,reviewed
IMG_20260320_174605513_HDR.jpg,Toronto Fire Station 315,reviewed
IMG_20260320_174628021_HDR.jpg,Toronto Fire Station 315,reviewed
IMG_20260320_174631003_HDR.jpg,Toronto Fire Station 315,reviewed
IMG_20260320_174645306_HDR.jpg,380-372 College St,reviewed
IMG_20260320_174705370_HDR.jpg,Toronto Fire Station 315,reviewed
IMG_20260320_174719155_HDR.jpg,Toronto Fire Station 315,reviewed
IMG_20260320_174729061_HDR.jpg,Toronto Fire Station 315,reviewed
IMG_20260320_174737598_HDR.jpg,Toronto Fire Station 315,reviewed
IMG_20260320_174751882_HDR.jpg,Toronto Fire Station 315,reviewed
IMG_20260320_174759055.jpg,Toronto Fire Station 315,reviewed
IMG_20260320_171419409_HDR.jpg,Toronto Western Hospital,reviewed
IMG_20260320_171426591_HDR.jpg,Dundas St / Bathurst St,reviewed
IMG_20260320_171445061_HDR.jpg,Toronto Western Hospital,reviewed
IMG_20260320_171449890_HDR.jpg,Toronto Western Hospital,reviewed
IMG_20260320_171458747_HDR.jpg,Toronto Western Hospital,reviewed
IMG_20260320_171510514_HDR.jpg,Toronto Western Hospital,reviewed
IMG_20260320_171545355_HDR.jpg,Toronto Western Hospital,reviewed
IMG_20260320_171549664_HDR.jpg,Toronto Western Hospital,reviewed
IMG_20260320_171605205_HDR.jpg,Toronto Western Hospital,reviewed
IMG_20260320_171627753_HDR.jpg,Toronto Western Hospital,reviewed
IMG_20260320_171634815_HDR.jpg,Toronto Western Hospital,reviewed
IMG_20260320_171641760_HDR.jpg,Toronto Western Hospital,reviewed
IMG_20260320_171653373_HDR.jpg,Toronto Western Hospital,reviewed
IMG_20260320_171656112_HDR.jpg,Toronto Western Hospital,reviewed
IMG_20260318_174948683_HDR.jpg,21 Nassau St (Kensington Market Lofts),reviewed
IMG_20260318_174955949_HDR.jpg,21 Nassau St (Kensington Market Lofts),reviewed
IMG_20260318_175004621_HDR.jpg,21 Nassau St (Kensington Market Lofts),reviewed
IMG_20260318_175012389_HDR.jpg,21 Nassau St (Kensington Market Lofts),reviewed
IMG_20260318_175357036_HDR.jpg,29 Nassau St,reviewed
IMG_20260318_175406237_HDR.jpg,29-33 Nassau St,reviewed
IMG_20260318_175415213_HDR.jpg,31 Nassau St,reviewed
IMG_20260318_175427437_HDR.jpg,33 Nassau St,reviewed
IMG_20260318_175436345_HDR.jpg,35 Nassau St,reviewed
IMG_20260318_175443966_HDR.jpg,37 Nassau St,reviewed
IMG_20260318_175506657_HDR.jpg,39 Nassau St,reviewed
IMG_20260318_175543668_HDR.jpg,Alley Betwee 39 & 41 Nassau St,reviewed
IMG_20260318_180942320_HDR.jpg,255 Augusta Ave (Kensington Kitchen),reviewed
IMG_20260318_180948003_HDR.jpg,255 Augusta Ave (Kensington Kitchen),reviewed
IMG_20260318_180953684_HDR.jpg,253 Augusta Ave (Pizzeria da Mario),reviewed
IMG_20260318_181011334_HDR.jpg,230 Augusta Ave (FILM CAFE),reviewed
IMG_20260318_181018661_HDR.jpg,230 Augusta Ave (FILM CAFE),reviewed
IMG_20260318_181028379_HDR.jpg,226 Augusta Ave (Daniel Safety Workwear),reviewed
IMG_20260318_181036889_HDR.jpg,226 Augusta Ave (Daniel Safety Workwear),reviewed
IMG_20260318_181047401_HDR.jpg,224 Augusta Ave (Tapestry / Cafe Marallo),reviewed
IMG_20260318_181052204_HDR.jpg,224 Augusta Ave (Tapestry / Cafe Marallo),reviewed
IMG_20260318_181058402_HDR.jpg,222 Augusta Ave (Shoneys Clothing),reviewed
IMG_20260318_181112529_HDR.jpg,220 Augusta Ave (Harry David Ltd),reviewed
IMG_20260318_181120765_HDR.jpg,218 Augusta Ave (Segovia Casa Del Chorizo. Segovia Foods. Segovia Meat Market Ltd),reviewed
IMG_20260318_181143824_HDR.jpg,Alley south of 218 Augusta Ave ,reviewed
IMG_20260320_011425951_HDR.jpg,71 Augusta Square (Atkinson Housing Co-Operative Inc),reviewed
IMG_20260320_011502409_HDR.jpg,588 Dundas St W (Toronto Travellers Home),reviewed
IMG_20260320_011516925_HDR.jpg,588 Dundas St W (Toronto Travellers Home),reviewed
IMG_20260320_011523715_HDR.jpg,588 Dundas St W (Toronto Travellers Home),reviewed
IMG_20260320_011530532_HDR.jpg,588 Dundas St W (Toronto Travellers Home),reviewed
IMG_20260320_011550495_HDR.jpg,584 Dundas St W (Hair Fashion 明輝髮廊),reviewed
IMG_20260320_011642556_HDR.jpg,584 Dundas St W (Hair Fashion 明輝髮廊),reviewed
IMG_20260320_011653265_HDR.jpg,580 Dundas St W (Beauty Salon/ Heng Salon),reviewed
IMG_20260320_011700000_HDR.jpg,580 Dundas St W (Beauty Salon/ Heng Salon),reviewed
IMG_20260320_011715740_HDR.jpg,576 Dundas St W ,reviewed
IMG_20260320_011723032_HDR.jpg,574 Dundas St W (Pink house Dispensary),reviewed
IMG_20260320_011738047_HDR.jpg,574 Dundas St W (Pink house Dispensary),reviewed
IMG_20260320_011749589_HDR.jpg,576 Dundas St W ,reviewed
IMG_20260320_165601060_HDR.jpg,Hickory St details,reviewed
IMG_20260320_165606671_HDR.jpg,Hickory St details,reviewed
IMG_20260320_165622413.jpg,Hickory St details,reviewed
IMG_20260320_165628316.jpg,Hickory St details,reviewed
IMG_20260320_165639359_HDR.jpg,Hickory St details,reviewed
IMG_20260320_165643453_HDR.jpg,Hickory St details,reviewed
IMG_20260320_165648844_HDR.jpg,Hickory St details,reviewed
IMG_20260320_165659375_HDR.jpg,Hickory St details,reviewed
IMG_20260320_165712327_HDR.jpg,Hickory St details,reviewed
IMG_20260320_165718394_HDR.jpg,Hickory St details,reviewed
IMG_20260320_165746344_HDR.jpg,Hickory St details,reviewed
IMG_20260320_165752093_HDR.jpg,Hickory St details,reviewed
IMG_20260320_165758128_HDR.jpg,Hickory St details,reviewed
IMG_20260320_171714660_HDR.jpg,Toronto Western Hospital ,reviewed
IMG_20260320_171741382_HDR.jpg,Toronto Western Hospital ,reviewed
IMG_20260320_171813822_HDR.jpg,"43.652434, -79.405812",reviewed
IMG_20260320_171825201_HDR.jpg,750 Dundas St (Tim hortons / Pharmasave / Appletree Medical Centre / MedWest Medical Building - closed)  / 356 Bathurst St (Irene's Flowers),reviewed
IMG_20260320_171851666_HDR.jpg,Dundas / Bathurst,reviewed
IMG_20260320_171856154_HDR.jpg,327 Bathurst St (Sanderson Library),reviewed
IMG_20260320_171908283_HDR.jpg,Toronto Western Hospital ,reviewed
IMG_20260320_171911480_HDR.jpg,Toronto Western Hospital ,reviewed
IMG_20260320_171920947_HDR.jpg,Toronto Western Hospital ,reviewed
IMG_20260320_171923724_HDR.jpg,Dundas / Bathurst (in front of Sanderson Library),reviewed
IMG_20260320_171926117_HDR.jpg,327 Bathurst St (Sanderson Library),reviewed
IMG_20260320_171929303_HDR.jpg,327 Bathurst St (Sanderson Library),reviewed
IMG_20260320_171943037.jpg,Dundas / Bathurst Panorama,reviewed
IMG_20260320_165420463_HDR.jpg,texture ,reviewed
IMG_20260320_165425038_HDR.jpg,texture ,reviewed
IMG_20260320_165435097_HDR.jpg,texture ,reviewed
IMG_20260320_165443526_HDR.jpg,texture ,reviewed
IMG_20260320_165452828_HDR.jpg,texture ,reviewed
IMG_20260320_165502210_HDR.jpg,texture ,reviewed
IMG_20260320_165514041_HDR.jpg,texture ,reviewed
IMG_20260320_165516410_HDR.jpg,texture ,reviewed
IMG_20260320_165520341_HDR.jpg,texture ,reviewed
IMG_20260320_165529358_HDR.jpg,texture ,reviewed
IMG_20260320_165539975_HDR.jpg,texture ,reviewed
IMG_20260320_002630407_HDR.jpg,Bellevue Park,reviewed
IMG_20260320_002701808_HDR.jpg,Bellevue Park,reviewed
IMG_20260320_002710945_HDR.jpg,Bellevue Park,reviewed
IMG_20260320_002903216_HDR.jpg,35 Bellevue Ave,reviewed
IMG_20260320_002912460_HDR.jpg,35 Bellevue Ave,reviewed
IMG_20260320_003439452_HDR.jpg,St.Stephen-In-The-Fields Church,reviewed
IMG_20260320_003542989_HDR.jpg,St.Stephen-In-The-Fields Church,reviewed
IMG_20260320_003644430_HDR.jpg,St.Stephen-In-The-Fields Church,reviewed
IMG_20260320_004626448_HDR.jpg,91 Oxford St,reviewed
IMG_20260320_004805104_HDR.jpg,91 Oxford St,reviewed
IMG_20260320_172510801_HDR.jpg,Toronto Western Hospital (new building),reviewed
IMG_20260320_172538555_HDR.jpg,Toronto Western Hospital (new building),reviewed
IMG_20260320_172541818_HDR.jpg,Toronto Western Hospital (new building),reviewed
IMG_20260320_172558434_HDR.jpg,Toronto Western Hospital (new building),reviewed
IMG_20260320_172617243_HDR.jpg,Toronto Western Hospital (new building),reviewed
IMG_20260320_172621451_HDR.jpg,Toronto Western Hospital (new building),reviewed
IMG_20260320_172708330_HDR.jpg,Nassau / Bathurst,reviewed
IMG_20260320_172716638_HDR.jpg,Toronto Western Hospital (new building),reviewed
IMG_20260320_172728292_HDR.jpg,150-152 Nassau St ,reviewed
IMG_20260320_172741277_HDR.jpg,150-152 Nassau St (side of building on Bathurst),reviewed
IMG_20260320_213812645_HDR.jpg,Dundas St,reviewed
IMG_20260320_213822056_HDR.jpg,Dundas St,flagged
IMG_20260320_213843517_HDR.jpg,526 Dundas St (K-ONE KTV),reviewed
IMG_20260320_213856060_HDR.jpg,292 Spadina Ave,reviewed
IMG_20260320_213920673_HDR.jpg,292 Spadina Ave,reviewed
IMG_20260320_213939684_HDR.jpg,292 Spadina Ave,reviewed
IMG_20260320_213944062_HDR.jpg,292 Spadina Ave,reviewed
IMG_20260320_213951780_HDR.jpg,292 Spadina Ave,reviewed
IMG_20260320_214006347_HDR.jpg,296 Dundas St (King's Noodle Restaurant),reviewed
IMG_20260320_214319477_HDR.jpg,Dundas St,flagged
IMG_20260320_165805330_HDR.jpg,details,reviewed
IMG_20260320_165837603.jpg,details,reviewed
IMG_20260320_170106114_HDR.jpg,details,reviewed
IMG_20260320_170136770_HDR.jpg,details,reviewed
IMG_20260320_170152152_HDR.jpg,details,reviewed
IMG_20260320_170157840_HDR.jpg,details,reviewed
IMG_20260320_170206575_HDR.jpg,details,reviewed
IMG_20260320_223544008_HDR.jpg,"Spadina Ave / Dundas St W area (night, storefronts)",flagged
IMG_20260320_223622658_HDR.jpg,"Spadina Ave / Dundas St W area (night, storefronts)",flagged
IMG_20260320_223631671_HDR.jpg,"Spadina Ave / Dundas St W area (night, storefronts)",flagged
IMG_20260320_223658542_HDR.jpg,"Spadina Ave / Dundas St W area (night, storefronts)",flagged
IMG_20260320_224532467_HDR.jpg,"Spadina Ave / Dundas St W area (night, storefronts)",flagged
IMG_20260320_224615142_HDR.jpg,"Spadina Ave / Dundas St W area (night, storefronts)",flagged
IMG_20260320_224751946_HDR.jpg,"Spadina Ave / Dundas St W area (night, storefronts)",flagged
IMG_20260320_225821365_HDR.jpg,"Spadina Ave / Dundas St W area (night, storefronts)",flagged
IMG_20260320_225954389_HDR.jpg,"Spadina Ave / Dundas St W area (night, storefronts)",flagged
IMG_20260318_131919537_HDR.jpg,"Kensington Market area (indoor, field notes)",flagged
IMG_20260318_131932462_HDR.jpg,"Kensington Market area (indoor, field notes)",flagged
IMG_20260318_131937824.jpg,"Kensington Market area (indoor, field notes)",flagged
IMG_20260318_131951448_HDR.jpg,"Kensington Market area (indoor, field notes)",flagged
IMG_20260318_131956041_HDR.jpg,"Kensington Market area (indoor, field notes)",flagged
IMG_20260318_132001019_HDR.jpg,"Kensington Market area (indoor, field notes)",flagged
IMG_20260318_132010389_HDR.jpg,"Kensington Market area (indoor, field notes)",flagged
IMG_20260318_132125952_HDR.jpg,"Kensington Market area (indoor, field notes)",flagged
IMG_20260318_182333160_HDR.jpg,198 Baldwin St (Coral Sea),reviewed
IMG_20260318_182357576_HDR.jpg,Alley West of 198 Baldwin St (Coral Sea),reviewed
IMG_20260318_182412568_HDR.jpg,Littlehayes Lane (East side of 200 Baldwin St  - Latin Taste),reviewed
IMG_20260318_182414478_HDR.jpg,Littlehayes Lane (East side of 200 Baldwin St  - Latin Taste),reviewed
IMG_20260318_182428702_HDR.jpg,Littlehayes Lane,reviewed
IMG_20260318_182439023_HDR.jpg,Littlehayes Lane,reviewed
IMG_20260318_182443991_HDR.jpg,Littlehayes Lane,reviewed
IMG_20260318_182449463_HDR.jpg,Littlehayes Lane,reviewed
IMG_20260318_144933474_HDR.jpg,287 Augusta Ave (Wanda's Pie in the Sky - south side on Oxford),reviewed
IMG_20260318_144940670_HDR.jpg,287 Augusta Ave (Wanda's Pie in the Sky - south side on Oxford),reviewed
IMG_20260318_144947214_HDR.jpg,Taqueria el pastorcito (north side on Oxford),reviewed
IMG_20260318_144949092_HDR.jpg,Taqueria el pastorcito (north side on Oxford),reviewed
IMG_20260318_144958718_HDR.jpg,287 Augusta Ave (Wanda's Pie in the Sky - south side on Oxford),reviewed
IMG_20260318_145013915_HDR.jpg,69 Oxford St (DayTrip - Magic Mushroom Dispensary),reviewed
IMG_20260318_145019269_HDR.jpg,"285 Augusta Ave (La cevicheria - closed, terrace on Oxford)",reviewed
IMG_20260318_184433761_HDR.jpg,376-378 Spadina (B&J Trading - side on Baldwin),reviewed
IMG_20260318_184440109_HDR.jpg,376-378 Spadina (B&J Trading - side on Baldwin),reviewed
IMG_20260318_184447706_HDR.jpg,376-378 Spadina (B&J Trading - side on Baldwin),reviewed
IMG_20260318_184455848_HDR.jpg,376-378 Spadina (B&J Trading - side on Baldwin),reviewed
IMG_20260318_184512390_HDR.jpg,East side of 150 Baldwin St,reviewed
IMG_20260318_184549673_HDR.jpg,374 Spadina Ave (Backyard),reviewed
IMG_20260318_184555608_HDR.jpg,374 Spadina Ave (Backyard),reviewed
IMG_20260318_142344951_HDR.jpg,264 Augusta Ave,reviewed
IMG_20260318_142350129_HDR.jpg,260 Augusta Ave (St. Stephen's Community House),reviewed
IMG_20260318_142401153_HDR.jpg,303 Augusta Ave (Trinity Common),reviewed
IMG_20260318_142417893_HDR.jpg,299 Augusta Ave (Bikes on Wheels),reviewed
IMG_20260318_142420450_HDR.jpg,299 Augusta Ave (Bikes on Wheels),reviewed
IMG_20260318_142431145_HDR.jpg,299 Augusta Ave (Bikes on Wheels),reviewed
IMG_20260318_151133544_HDR.jpg,30A-32E Oxford St,reviewed
IMG_20260318_151141665_HDR.jpg,32-26 Oxford St (Back),reviewed
IMG_20260318_151154396_HDR.jpg,32-26 Oxford St (Back),reviewed
IMG_20260318_151424700_HDR.jpg,"43.656989, -79.401335",reviewed
IMG_20260318_151431848_HDR.jpg,32E-32C Oxford St,reviewed
IMG_20260318_151434838_HDR.jpg,32D-32A Oxford St,reviewed
IMG_20260320_223947015_HDR.jpg,"Spadina area (public building / station interior, night)",flagged
IMG_20260320_223958569_HDR.jpg,"Spadina area (public building / station interior, night)",flagged
IMG_20260320_224017973_HDR.jpg,"Spadina area (public building / station interior, night)",flagged
IMG_20260320_224036143_HDR.jpg,"Spadina area (public building / station interior, night)",flagged
IMG_20260320_224248718_HDR.jpg,"Spadina area (public building / station interior, night)",flagged
IMG_20260320_224300848_HDR.jpg,"Spadina area (public building / station interior, night)",flagged
IMG_20260321_122856468_HDR.jpg,"Downtown Toronto (construction, transit view)",flagged
IMG_20260321_122900548_HDR.jpg,"Downtown Toronto (construction, transit view)",flagged
IMG_20260321_122907812_HDR.jpg,"Downtown Toronto (construction, transit view)",flagged
IMG_20260321_123142757_HDR.jpg,"Downtown Toronto (construction, transit view)",flagged
IMG_20260321_123336061_HDR.jpg,"Downtown Toronto (construction, transit view)",flagged
IMG_20260321_124525917_HDR.jpg,"Downtown Toronto (construction, transit view)",flagged
IMG_20260318_145752755_HDR.jpg,"Ellen Ave (43.656627, -79.402118)",reviewed
IMG_20260318_145757706_HDR.jpg,"Ellen Ave (43.656627, -79.402118)",reviewed
IMG_20260318_145835772_HDR.jpg,"Ellen Ave (43.656664, -79.401902)",reviewed
IMG_20260318_145838956_HDR.jpg,"Ellen Ave (43.656664, -79.401902)",reviewed
IMG_20260318_145849272_HDR.jpg,"Ellen Ave (43.656664, -79.401902) 34 Oxford St (Kensington Manor)",reviewed
IMG_20260318_151825204_HDR.jpg,"(43.656623, -79.400367)",reviewed
IMG_20260318_151828832_HDR.jpg,"(43.656623, -79.400367)",reviewed
IMG_20260318_151831395_HDR.jpg,"(43.656623, -79.400367)",reviewed
IMG_20260318_151841321_HDR.jpg,"(43.656623, -79.400367)",reviewed
IMG_20260318_151846478_HDR.jpg,"(43.656623, -79.400367)",reviewed
IMG_20260318_180510835_HDR.jpg,257 Augusta Ave (The Organic Press),reviewed
IMG_20260318_180513812_HDR.jpg,257 Augusta Ave (The Organic Press),reviewed
IMG_20260318_180520822_HDR.jpg,257 Augusta Ave (The Organic Press),reviewed
IMG_20260318_180528618_HDR.jpg,257 Augusta Ave (The Organic Press),reviewed
IMG_20260318_180536303_HDR.jpg,64 Nassau St / 62 (Pera Cafe),reviewed
IMG_20260320_173409055_HDR.jpg,"Sneaky Dee's, 431 College St (College & Bathurst corner)",reviewed
IMG_20260320_173418249.jpg,"Sneaky Dee's, 431 College St (College & Bathurst corner)",reviewed
IMG_20260320_173425803_HDR.jpg,"Sneaky Dee's, 431 College St (College & Bathurst corner)",reviewed
IMG_20260320_173440565_HDR.jpg,"Sneaky Dee's, 431 College St (College & Bathurst corner)",reviewed
IMG_20260320_173452054_HDR.jpg,"Sneaky Dee's, 431 College St (College & Bathurst corner)",reviewed
IMG_20260318_004824515_HDR.jpg,"Kensington Market alley (night, graffiti, posters)",flagged
IMG_20260318_142538014_HDR.jpg,297 Augusta Ave (Smiles of Kensington Dental),reviewed
IMG_20260318_142543813_HDR.jpg,297 Augusta Ave (Smiles of Kensington Dental),reviewed
IMG_20260318_142554950_HDR.jpg,pole texture,reviewed
IMG_20260318_142602928_HDR.jpg,pole texture,reviewed
IMG_20260318_175902755_HDR.jpg,65 Nassau St (Augusta Fruit Market),reviewed
IMG_20260318_175909997_HDR.jpg,65 Nassau St (Augusta Fruit Market),reviewed
IMG_20260318_175918470_HDR.jpg,65 Nassau St (Augusta Fruit Market),reviewed
IMG_20260318_175930648_HDR.jpg,65 Nassau St (Augusta Fruit Market),reviewed
IMG_20260318_182040524_HDR.jpg,206 Baldwin St (Nomnom fruit),reviewed
IMG_20260318_182056200_HDR.jpg,204 Baldwin St (Inky Dinky Tattoo and Piercing),reviewed
IMG_20260318_182106571_HDR.jpg,202 Baldwin St (Kensington Vape),reviewed
IMG_20260318_182118426_HDR.jpg,200 Baldwin St (Latin Taste),reviewed
IMG_20260317_123807768_HDR.jpg,Parking behing 302 Spadina Ave,reviewed
IMG_20260317_123813589_HDR.jpg,Parking behing 302 Spadina Ave,reviewed
IMG_20260317_124549726_HDR.jpg,Alley south of 54-56 Kensington Ave,reviewed
IMG_20260318_142451566_HDR.jpg,238 Augusta Ave,reviewed
IMG_20260318_142456824_HDR.jpg,238 Augusta Ave,reviewed
IMG_20260318_142515778_HDR.jpg,256 Augusta Ave (Otto’s Berlin Döner),reviewed
IMG_20260318_174611450_HDR.jpg,21 Nassau St,reviewed
IMG_20260318_174622746_HDR.jpg,21 Nassau St,reviewed
IMG_20260318_174635744_HDR.jpg,21 Nassau St,reviewed
IMG_20260318_175814615_HDR.jpg,59 Nassau St,reviewed
IMG_20260318_175821209_HDR.jpg,61 Nassau St,reviewed
IMG_20260318_175852375_HDR.jpg,65 Nassau St (Augusta Fruit Market),reviewed
IMG_20260318_180609565_HDR.jpg,60A Nassau St,reviewed
IMG_20260318_180620309_HDR.jpg,60 Nassau St,reviewed
IMG_20260318_180628255_HDR.jpg,58 Nassau St,reviewed
IMG_20260320_170422199_HDR.jpg,texture,reviewed
IMG_20260320_170427422_HDR.jpg,texture,reviewed
IMG_20260320_170732921.jpg,free palestine,reviewed
IMG_20260320_180459226.jpg,Augusta Ave / College St (Panorama),reviewed
IMG_20260320_180619848.jpg,"College St (bike lane, DO NOT PASS OPEN DOORS marking)",reviewed
IMG_20260320_180623305_HDR.jpg,"College St (bike lane, DO NOT PASS OPEN DOORS marking)",reviewed
IMG_20260320_202641739.jpg,The planet traveler hostel Panorama (East),reviewed
IMG_20260320_202738428.jpg,The planet traveler hostel Panorama (East),reviewed
IMG_20260320_202811530_HDR.jpg,St.Stephen-In-The-Fields Church,reviewed
IMG_20260317_194000790_HDR.jpg,"79 Baldwin St (Culture Boutique / Golden Gate Ltd., bailiff notice)",reviewed
IMG_20260317_194020402_HDR.jpg,"79 Baldwin St (Culture Boutique / Golden Gate Ltd., bailiff notice)",reviewed
IMG_20260317_194036605_HDR.jpg,79 Baldwin St,reviewed
IMG_20260317_194455754_HDR.jpg,79 Baldwin St area,flagged
IMG_20260318_142307539_HDR.jpg,268 Augusta Ave (Supermarket Bar and Variety),reviewed
IMG_20260318_142316594_HDR.jpg,307 Augusta Ave (Pamenar),reviewed
IMG_20260318_142741761_HDR.jpg,64 Oxford St (The Cottage Cheese - Urban Indian),reviewed
IMG_20260318_142801244_HDR.jpg,64 Oxford St (The Cottage Cheese - Urban Indian),reviewed
IMG_20260318_173508338_HDR.jpg,398 Spadina Ave (Cosmo Cafe | Bar),reviewed
IMG_20260318_173522883_HDR.jpg,398 Spadina Ave (Cosmo Cafe | Bar),reviewed
IMG_20260318_181157515_HDR.jpg,"43.654814, -79.402205",reviewed
IMG_20260318_181208532_HDR.jpg,"43.654814, -79.402205",reviewed
IMG_20260318_181308241_HDR.jpg,210 Augusta ave,reviewed
IMG_20260318_181313009_HDR.jpg,210 Augusta ave,reviewed
IMG_20260318_181319339_HDR.jpg,210 Augusta ave,reviewed
IMG_20260318_181334405_HDR.jpg,206 Augusta ave,reviewed
IMG_20260318_142335053_HDR.jpg,305 Augusta Ave (Mamacita’s),reviewed
IMG_20260318_142521100_HDR.jpg,256 Augusta Ave (Otto's Berlin Doner),reviewed
IMG_20260318_142559302_HDR.jpg,pole texture,reviewed
IMG_20260318_142650489_HDR.jpg,293 Augusta Ave (The Arch Café/Bar),reviewed
IMG_20260318_142657142_HDR.jpg,293 Augusta Ave (The Arch Café/Bar),reviewed
IMG_20260318_142704961_HDR.jpg,291 Augusta Ave (Hawker),reviewed
IMG_20260318_142725401_HDR.jpg,287 Augusta Ave (Wanda's Pie in the Sky),reviewed
IMG_20260318_142735796_HDR.jpg,"287 Augusta Ave (Wanda's Pie in the Sky, front)",reviewed
IMG_20260318_152444519_HDR.jpg,Rear lane behind Baldwin/Augusta (RICKY mural wider),reviewed
IMG_20260318_154621321_HDR.jpg,"43.655825, -79.399891",reviewed
IMG_20260318_154631901_HDR.jpg,"43.655789, -79.399866",reviewed
IMG_20260318_154647599_HDR.jpg,Back of 400 Spadina Ave on Nassau St (Halpern Enterprises),reviewed
IMG_20260318_154656164_HDR.jpg,"43.655814, -79.399712",reviewed
IMG_20260318_154706392_HDR.jpg,"43.655831, -79.399608",reviewed
IMG_20260318_154715458_HDR.jpg,"43.655848, -79.399512",reviewed
IMG_20260318_175616616_HDR.jpg,"43 Nassau St (ornate Victorian, red woodwork portico)",reviewed
IMG_20260318_175655294_HDR.jpg,"49 Nassau St (teal/turquoise trim, bins)",reviewed
IMG_20260318_175704727_HDR.jpg,51 Nassau St (pair of gabled semis),reviewed
IMG_20260318_175711963_HDR.jpg,"53 Nassau St (green decorative gable, wrought iron)",reviewed
IMG_20260318_175727632_HDR.jpg,"55 Nassau St (house behind tree, dark SUV)",reviewed
IMG_20260318_175757676_HDR.jpg,"57 Nassau St (diamond brick detail, white van)",reviewed
IMG_20260318_175803826_HDR.jpg,"59 Nassau St (evergreen tree, chalk writing)",reviewed
IMG_20260318_175937398_HDR.jpg,"255 Augusta Ave (Kensington Kitchen) (dense graffiti, face mural)",reviewed
IMG_20260318_175944480_HDR.jpg,255 Augusta Ave (Kensington Kitchen) ,reviewed
IMG_20260318_180546180_HDR.jpg,"62 Nassau St (Pera Cafe) (tropical mural, turquoise door)",reviewed
IMG_20260318_180556153_HDR.jpg,"62 Nassau St (Pera Cafe)  (white cafe, tent patio, string lights)",reviewed
