filename,address_or_location,source
IMG_20260317_123807768_HDR.jpg,"Kensington Market / pharmacy area (night) (approx, ~749min)",inferred-approx
IMG_20260317_123813589_HDR.jpg,"Kensington Market / pharmacy area (night) (approx, ~749min)",inferred-approx
IMG_20260317_124549726_HDR.jpg,"Kensington Market / pharmacy area (night) (approx, ~757min)",inferred-approx
IMG_20260317_194000790_HDR.jpg,"Kensington Market / pharmacy area (night) (approx, ~1171min)",inferred-approx
IMG_20260317_194010516_HDR.jpg,"Kensington Market / pharmacy area (night) (approx, ~1171min)",inferred-approx
IMG_20260317_194020402_HDR.jpg,"Kensington Market / pharmacy area (night) (approx, ~1171min)",inferred-approx
IMG_20260317_194036605_HDR.jpg,"Kensington Market / pharmacy area (night) (approx, ~1172min)",inferred-approx
IMG_20260317_194455754_HDR.jpg,"Kensington Market / pharmacy area (night) (approx, ~1176min)",inferred-approx
IMG_20260318_004821318_HDR.jpg,"Kensington alley (graffiti wall, electrical boxes) (approx, ~1120min)",inferred-approx
IMG_20260318_004824515_HDR.jpg,"Kensington alley (graffiti wall, electrical boxes) (approx, ~1120min)",inferred-approx
IMG_20260318_004855840_HDR.jpg,"Kensington alley (graffiti wall, electrical boxes) (approx, ~1119min)",inferred-approx
IMG_20260318_004907174_HDR.jpg,"Kensington alley (graffiti wall, electrical boxes) (approx, ~1119min)",inferred-approx
IMG_20260318_004935920_HDR.jpg,"Kensington alley (graffiti wall, electrical boxes) (approx, ~1119min)",inferred-approx
IMG_20260318_131919537_HDR.jpg,"Kensington alley (graffiti wall, electrical boxes) (approx, ~369min)",inferred-approx
IMG_20260318_131932462_HDR.jpg,"Kensington alley (graffiti wall, electrical boxes) (approx, ~369min)",inferred-approx
IMG_20260318_131935172_HDR.jpg,"Kensington alley (graffiti wall, electrical boxes) (approx, ~369min)",inferred-approx
IMG_20260318_131937824.jpg,"Kensington alley (graffiti wall, electrical boxes) (approx, ~368min)",inferred-approx
IMG_20260318_131951448_HDR.jpg,"Kensington alley (graffiti wall, electrical boxes) (approx, ~368min)",inferred-approx
IMG_20260318_131956041_HDR.jpg,"Kensington alley (graffiti wall, electrical boxes) (approx, ~368min)",inferred-approx
IMG_20260318_132001019_HDR.jpg,"Kensington alley (graffiti wall, electrical boxes) (approx, ~368min)",inferred-approx
IMG_20260318_132010389_HDR.jpg,"Kensington alley (graffiti wall, electrical boxes) (approx, ~368min)",inferred-approx
IMG_20260318_132125952_HDR.jpg,"Kensington alley (graffiti wall, electrical boxes) (approx, ~367min)",inferred-approx
IMG_20260318_141633023_HDR.jpg,"Kensington alley (graffiti wall, electrical boxes) (approx, ~312min)",inferred-approx
IMG_20260318_141658467_HDR.jpg,"Kensington alley (graffiti wall, electrical boxes) (approx, ~311min)",inferred-approx
IMG_20260318_141705951_HDR.jpg,"Kensington alley (graffiti wall, electrical boxes) (approx, ~311min)",inferred-approx
IMG_20260318_141715399_HDR.jpg,"Kensington alley (graffiti wall, electrical boxes) (approx, ~311min)",inferred-approx
IMG_20260318_141730289_HDR.jpg,"Kensington alley (graffiti wall, electrical boxes) (approx, ~311min)",inferred-approx
IMG_20260318_141748121_HDR.jpg,"Kensington alley (graffiti wall, electrical boxes) (approx, ~310min)",inferred-approx
IMG_20260318_141758126_HDR.jpg,"Kensington alley (graffiti wall, electrical boxes) (approx, ~310min)",inferred-approx
IMG_20260318_141820850_HDR.jpg,"Kensington alley (graffiti wall, electrical boxes) (approx, ~310min)",inferred-approx
IMG_20260318_141838010_HDR.jpg,"Kensington alley (graffiti wall, electrical boxes) (approx, ~309min)",inferred-approx
IMG_20260318_141853104_HDR.jpg,"Kensington alley (graffiti wall, electrical boxes) (approx, ~309min)",inferred-approx
IMG_20260318_141905073_HDR.jpg,"Kensington alley (graffiti wall, electrical boxes) (approx, ~309min)",inferred-approx
IMG_20260318_141913035_HDR.jpg,"Kensington alley (graffiti wall, electrical boxes) (approx, ~309min)",inferred-approx
IMG_20260318_141938450_HDR.jpg,"Kensington alley (graffiti wall, electrical boxes) (approx, ~308min)",inferred-approx
IMG_20260318_141946886_HDR.jpg,"Kensington alley (graffiti wall, electrical boxes) (approx, ~308min)",inferred-approx
IMG_20260318_141955425_HDR.jpg,"Kensington alley (graffiti wall, electrical boxes) (approx, ~308min)",inferred-approx
IMG_20260318_142013766_HDR.jpg,"Kensington alley (graffiti wall, electrical boxes) (approx, ~308min)",inferred-approx
IMG_20260318_142025062_HDR.jpg,"Kensington alley (graffiti wall, electrical boxes) (approx, ~308min)",inferred-approx
IMG_20260318_142032983_HDR.jpg,"Kensington alley (graffiti wall, electrical boxes) (approx, ~308min)",inferred-approx
IMG_20260318_142045898_HDR.jpg,"Kensington alley (graffiti wall, electrical boxes) (approx, ~307min)",inferred-approx
IMG_20260318_142054814_HDR.jpg,"Kensington alley (graffiti wall, electrical boxes) (approx, ~307min)",inferred-approx
IMG_20260318_142105931_HDR.jpg,"Kensington alley (graffiti wall, electrical boxes) (approx, ~307min)",inferred-approx
IMG_20260318_142108112_HDR.jpg,"Kensington alley (graffiti wall, electrical boxes) (approx, ~307min)",inferred-approx
IMG_20260318_142118334_HDR.jpg,"Kensington alley (graffiti wall, electrical boxes) (approx, ~307min)",inferred-approx
IMG_20260318_142129630_HDR.jpg,"Kensington alley (graffiti wall, electrical boxes) (approx, ~307min)",inferred-approx
IMG_20260318_142139406_HDR.jpg,"Kensington alley (graffiti wall, electrical boxes) (approx, ~306min)",inferred-approx
IMG_20260318_142149249_HDR.jpg,"Kensington alley (graffiti wall, electrical boxes) (approx, ~306min)",inferred-approx
IMG_20260318_142158621_HDR.jpg,"Kensington alley (graffiti wall, electrical boxes) (approx, ~306min)",inferred-approx
IMG_20260318_142206496_HDR.jpg,"Kensington alley (graffiti wall, electrical boxes) (approx, ~306min)",inferred-approx
IMG_20260318_142215917_HDR.jpg,"Kensington alley (graffiti wall, electrical boxes) (approx, ~306min)",inferred-approx
IMG_20260318_142225392_HDR.jpg,"Kensington alley (graffiti wall, electrical boxes) (approx, ~306min)",inferred-approx
IMG_20260318_142229531.jpg,"Kensington alley (graffiti wall, electrical boxes) (approx, ~306min)",inferred-approx
IMG_20260318_142239273_HDR.jpg,"Kensington alley (graffiti wall, electrical boxes) (approx, ~305min)",inferred-approx
IMG_20260318_142249679_HDR.jpg,~297 Augusta Ave (wall/poster detail),verified-visual
IMG_20260318_142254955_HDR.jpg,"Kensington alley (graffiti wall, electrical boxes) (approx, ~305min)",inferred-approx
IMG_20260318_142307539_HDR.jpg,~299-301 Augusta Ave (Fresh Super Market / Queens Spaghetti),verified-visual
IMG_20260318_142316594_HDR.jpg,"Kensington alley (graffiti wall, electrical boxes) (approx, ~305min)",inferred-approx
IMG_20260318_142335053_HDR.jpg,~305-307 Augusta Ave (restaurant with mural),verified-visual
IMG_20260318_142344951_HDR.jpg,"Kensington alley (graffiti wall, electrical boxes) (approx, ~304min)",inferred-approx
IMG_20260318_142350129_HDR.jpg,266 Augusta Ave (TNG Community Centre / Augusta Centre),verified-visual
IMG_20260318_142401153_HDR.jpg,"Kensington alley (graffiti wall, electrical boxes) (approx, ~304min)",inferred-approx
IMG_20260318_142417893_HDR.jpg,"Kensington alley (graffiti wall, electrical boxes) (approx, ~304min)",inferred-approx
IMG_20260318_142420450_HDR.jpg,"Kensington alley (graffiti wall, electrical boxes) (approx, ~304min)",inferred-approx
IMG_20260318_142431145_HDR.jpg,"Kensington alley (graffiti wall, electrical boxes) (approx, ~304min)",inferred-approx
IMG_20260318_142451566_HDR.jpg,"Kensington alley (graffiti wall, electrical boxes) (approx, ~303min)",inferred-approx
IMG_20260318_142456824_HDR.jpg,"Kensington alley (graffiti wall, electrical boxes) (approx, ~303min)",inferred-approx
IMG_20260318_142515778_HDR.jpg,"~309 Augusta Ave (Otto's Berlin Doner, side)",verified-visual
IMG_20260318_142521100_HDR.jpg,"~309 Augusta Ave (Otto's Berlin Doner, front)",verified-visual
IMG_20260318_142538014_HDR.jpg,"Kensington alley (graffiti wall, electrical boxes) (approx, ~302min)",inferred-approx
IMG_20260318_142543813_HDR.jpg,"Kensington alley (graffiti wall, electrical boxes) (approx, ~302min)",inferred-approx
IMG_20260318_142554950_HDR.jpg,~311-315 Augusta Ave (utility pole detail),verified-visual
IMG_20260318_142559302_HDR.jpg,"~311-315 Augusta Ave (utility pole, red section)",verified-visual
IMG_20260318_142602928_HDR.jpg,~311-315 Augusta Ave (utility pole detail),verified-visual
IMG_20260318_142624822_HDR.jpg,~315-317 Augusta Ave (Kensington sign storefront),verified-visual
IMG_20260318_142637039_HDR.jpg,"~317-319 Augusta Ave (blue building, string lights)",verified-visual
IMG_20260318_142650489_HDR.jpg,"~319-321 Augusta Ave (yarn-bombed tree, blue hoarding)",verified-visual
IMG_20260318_142657142_HDR.jpg,~321 Augusta Ave (yarn-bombed tree closer),verified-visual
IMG_20260318_142704961_HDR.jpg,~323-325 Augusta Ave (Hawker bar/restaurant),verified-visual
IMG_20260318_142725401_HDR.jpg,"~327 Augusta Ave (Wanda's Pie in the Sky, side)",verified-visual
IMG_20260318_142735796_HDR.jpg,"~327 Augusta Ave (Wanda's Pie in the Sky, front)",verified-visual
IMG_20260318_142741761_HDR.jpg,383 Augusta Ave / Oxford St corner (Trinity Common),verified-visual
IMG_20260318_142801244_HDR.jpg,"Kensington alley (graffiti wall, electrical boxes) (approx, ~300min)",inferred-approx
IMG_20260318_144933474_HDR.jpg,"Kensington alley (graffiti wall, electrical boxes) (approx, ~279min)",inferred-approx
IMG_20260318_144940670_HDR.jpg,"Kensington alley (graffiti wall, electrical boxes) (approx, ~278min)",inferred-approx
IMG_20260318_144947214_HDR.jpg,"Kensington alley (graffiti wall, electrical boxes) (approx, ~278min)",inferred-approx
IMG_20260318_144949092_HDR.jpg,"Kensington alley (graffiti wall, electrical boxes) (approx, ~278min)",inferred-approx
IMG_20260318_144958718_HDR.jpg,"Kensington alley (graffiti wall, electrical boxes) (approx, ~278min)",inferred-approx
IMG_20260318_145005054_HDR.jpg,"Kensington alley (graffiti wall, electrical boxes) (approx, ~278min)",inferred-approx
IMG_20260318_145013915_HDR.jpg,"Kensington alley (graffiti wall, electrical boxes) (approx, ~278min)",inferred-approx
IMG_20260318_145019269_HDR.jpg,"Kensington alley (graffiti wall, electrical boxes) (approx, ~278min)",inferred-approx
IMG_20260318_145230301_HDR.jpg,"Kensington alley (graffiti wall, electrical boxes) (approx, ~276min)",inferred-approx
IMG_20260318_145239409_HDR.jpg,"Kensington alley (graffiti wall, electrical boxes) (approx, ~275min)",inferred-approx
IMG_20260318_145305650_HDR.jpg,"Kensington alley (graffiti wall, electrical boxes) (approx, ~275min)",inferred-approx
IMG_20260318_145314123_HDR.jpg,"Kensington alley (graffiti wall, electrical boxes) (approx, ~275min)",inferred-approx
IMG_20260318_145320023_HDR.jpg,"Kensington alley (graffiti wall, electrical boxes) (approx, ~275min)",inferred-approx
IMG_20260318_145326851_HDR.jpg,"Kensington alley (graffiti wall, electrical boxes) (approx, ~275min)",inferred-approx
IMG_20260318_145333406_HDR.jpg,"Kensington alley (graffiti wall, electrical boxes) (approx, ~275min)",inferred-approx
IMG_20260318_145343019_HDR.jpg,"Kensington alley (graffiti wall, electrical boxes) (approx, ~274min)",inferred-approx
IMG_20260318_145430499_HDR.jpg,"Kensington alley (graffiti wall, electrical boxes) (approx, ~274min)",inferred-approx
IMG_20260318_145437157_HDR.jpg,"Kensington alley (graffiti wall, electrical boxes) (approx, ~273min)",inferred-approx
IMG_20260318_145448913_HDR.jpg,"Kensington alley (graffiti wall, electrical boxes) (approx, ~273min)",inferred-approx
IMG_20260318_145453094_HDR.jpg,"Kensington alley (graffiti wall, electrical boxes) (approx, ~273min)",inferred-approx
IMG_20260318_145545175_HDR.jpg,"Kensington alley (graffiti wall, electrical boxes) (approx, ~272min)",inferred-approx
IMG_20260318_145603570_HDR.jpg,"Kensington alley (graffiti wall, electrical boxes) (approx, ~272min)",inferred-approx
IMG_20260318_145705241_HDR.jpg,"Kensington alley (graffiti wall, electrical boxes) (approx, ~271min)",inferred-approx
IMG_20260318_145717761_HDR.jpg,"Kensington alley (graffiti wall, electrical boxes) (approx, ~271min)",inferred-approx
IMG_20260318_145723009_HDR.jpg,"Kensington alley (graffiti wall, electrical boxes) (approx, ~271min)",inferred-approx
IMG_20260318_145734642_HDR.jpg,"Kensington alley (graffiti wall, electrical boxes) (approx, ~271min)",inferred-approx
IMG_20260318_145752755_HDR.jpg,"Kensington alley (graffiti wall, electrical boxes) (approx, ~270min)",inferred-approx
IMG_20260318_145757706_HDR.jpg,"Kensington alley (graffiti wall, electrical boxes) (approx, ~270min)",inferred-approx
IMG_20260318_145823691_HDR.jpg,"Kensington alley (graffiti wall, electrical boxes) (approx, ~270min)",inferred-approx
IMG_20260318_145835772_HDR.jpg,"Kensington alley (graffiti wall, electrical boxes) (approx, ~270min)",inferred-approx
IMG_20260318_145838956_HDR.jpg,"Kensington alley (graffiti wall, electrical boxes) (approx, ~269min)",inferred-approx
IMG_20260318_145849272_HDR.jpg,"Kensington alley (graffiti wall, electrical boxes) (approx, ~269min)",inferred-approx
IMG_20260318_151121126_HDR.jpg,"Kensington alley (graffiti wall, electrical boxes) (approx, ~257min)",inferred-approx
IMG_20260318_151133544_HDR.jpg,"Kensington alley (graffiti wall, electrical boxes) (approx, ~257min)",inferred-approx
IMG_20260318_151141665_HDR.jpg,"Kensington alley (graffiti wall, electrical boxes) (approx, ~256min)",inferred-approx
IMG_20260318_151154396_HDR.jpg,"Kensington alley (graffiti wall, electrical boxes) (approx, ~256min)",inferred-approx
IMG_20260318_151424700_HDR.jpg,"Kensington alley (graffiti wall, electrical boxes) (approx, ~254min)",inferred-approx
IMG_20260318_151431848_HDR.jpg,"Kensington alley (graffiti wall, electrical boxes) (approx, ~254min)",inferred-approx
IMG_20260318_151434838_HDR.jpg,"Kensington alley (graffiti wall, electrical boxes) (approx, ~254min)",inferred-approx
IMG_20260318_151816648_HDR.jpg,"Kensington alley (graffiti wall, electrical boxes) (approx, ~250min)",inferred-approx
IMG_20260318_151825204_HDR.jpg,"Kensington alley (graffiti wall, electrical boxes) (approx, ~250min)",inferred-approx
IMG_20260318_151828832_HDR.jpg,"Kensington alley (graffiti wall, electrical boxes) (approx, ~250min)",inferred-approx
IMG_20260318_151831395_HDR.jpg,"Kensington alley (graffiti wall, electrical boxes) (approx, ~250min)",inferred-approx
IMG_20260318_151841321_HDR.jpg,"Kensington alley (graffiti wall, electrical boxes) (approx, ~249min)",inferred-approx
IMG_20260318_151846478_HDR.jpg,"Kensington alley (graffiti wall, electrical boxes) (approx, ~249min)",inferred-approx
IMG_20260318_152140663_HDR.jpg,"Kensington alley (graffiti wall, electrical boxes) (approx, ~246min)",inferred-approx
IMG_20260318_152321300_HDR.jpg,"Kensington alley (graffiti wall, electrical boxes) (approx, ~245min)",inferred-approx
IMG_20260318_152330797_HDR.jpg,"Kensington alley (graffiti wall, electrical boxes) (approx, ~245min)",inferred-approx
IMG_20260318_152340182_HDR.jpg,"Kensington alley (graffiti wall, electrical boxes) (approx, ~244min)",inferred-approx
IMG_20260318_152437037_HDR.jpg,Rear lane behind Baldwin/Augusta (RICKY mural),verified-visual
IMG_20260318_152444519_HDR.jpg,Rear lane behind Baldwin/Augusta (RICKY mural wider),verified-visual
IMG_20260318_152453252_HDR.jpg,"Rear lane ~25-30 Oxford St backs (green garage, cartoon)",verified-visual
IMG_20260318_152504590_HDR.jpg,"Rear lane ~25-30 Oxford St backs (cream garage, EBOS)",verified-visual
IMG_20260318_152507457_HDR.jpg,"Rear lane behind Oxford St (perspective, landscape mural)",verified-visual
IMG_20260318_152514951_HDR.jpg,Rear lane behind ~25-30 Oxford St (pine tree mural),verified-visual
IMG_20260318_152522596_HDR.jpg,Rear lane behind ~30-35 Oxford St (lakeshore mural),verified-visual
IMG_20260318_152528914_HDR.jpg,"Rear lane behind ~30-35 Oxford St (SOUR tags, lakeshore)",verified-visual
IMG_20260318_152535233_HDR.jpg,"Rear lane behind ~33-37 Oxford St (purple wolf mural, CassieTes)",verified-visual
IMG_20260318_152540492_HDR.jpg,Rear lane behind ~33-37 Oxford St (stars on black garage),verified-visual
IMG_20260318_152547124_HDR.jpg,"Rear lane behind ~35-37 Oxford St (cinder block, TCR/SMOKE)",verified-visual
IMG_20260318_152554326_HDR.jpg,Rear lane behind ~35-37 Oxford St (CLONE piece),verified-visual
IMG_20260318_152600835_HDR.jpg,"Rear lane behind ~37-39 Oxford St (silver/white, NSSK)",verified-visual
IMG_20260318_152607838_HDR.jpg,Rear lane behind ~37-39 Oxford St (yellow CESOP piece),verified-visual
IMG_20260318_152613048_HDR.jpg,"Rear lane, looking north toward Oxford St (Canadian flag)",verified-visual
IMG_20260318_152619075_HDR.jpg,"Rear lane intersection (gold/red wildstyle, No Parking)",verified-visual
IMG_20260318_152625643_HDR.jpg,"Rear lane bend (TACO TIME fence, grey house, conifers)",verified-visual
IMG_20260318_152631992_HDR.jpg,Rear lane behind ~35-41 Oxford St (gold ZICE piece),verified-visual
IMG_20260318_152638132_HDR.jpg,"Rear lane, rear of ~33-37 Oxford St (Victorian gable houses)",verified-visual
IMG_20260318_152653133_HDR.jpg,"Rear lane behind Oxford St (LORD in red, metal garage)",verified-visual
IMG_20260318_152659187_HDR.jpg,"Rear lane behind Oxford St (No Parking sign, cedar trees)",verified-visual
IMG_20260318_152708037_HDR.jpg,"Rear lane behind Oxford St (GIRLZ, LOITER7, two garages)",verified-visual
IMG_20260318_152716281_HDR.jpg,"Rear lane behind Oxford St (magenta/green wildstyle, MIND)",verified-visual
IMG_20260318_152728246_HDR.jpg,"Rear lane behind Oxford St (green-blue Dasok piece, 2017)",verified-visual
IMG_20260318_152733530_HDR.jpg,Rear lane behind Oxford St (blue/yellow wildstyle),verified-visual
IMG_20260318_152743569_HDR.jpg,"Rear lane behind Oxford St (YBKS, JAYSTAR)",verified-visual
IMG_20260318_152752679_HDR.jpg,Rear lane behind Oxford St (REACT/WHAS garages),verified-visual
IMG_20260318_152802056_HDR.jpg,"Rear lane behind Oxford St (double-bay garage, smiley robot)",verified-visual
IMG_20260318_152812077_HDR.jpg,"Rear lane behind Oxford St (narrow passage, overhead mural)",verified-visual
IMG_20260318_152817395_HDR.jpg,Rear lane behind Oxford St (PORD piece),verified-visual
IMG_20260318_152824583_HDR.jpg,"Rear lane behind Oxford St (LORD/2SCO, SARA)",verified-visual
IMG_20260318_152832437_HDR.jpg,"Rear lane behind Oxford St (GRAMS piece, brown garage)",verified-visual
IMG_20260318_152839704_HDR.jpg,Rear lane behind Oxford St (GASE/CASE silver throw-ups),verified-visual
IMG_20260318_152848663_HDR.jpg,"Rear lane, looking toward Oxford St (PRIVATE CAR PARK gate)",verified-visual
IMG_20260318_152855473_HDR.jpg,Rear lane behind Oxford St (GASB piece),verified-visual
IMG_20260318_152903740_HDR.jpg,Rear lane behind Oxford St (GERN ROK wildstyle),verified-visual
IMG_20260318_152909155_HDR.jpg,Rear lane behind Oxford St (LONZ wildstyle),verified-visual
IMG_20260318_152915352_HDR.jpg,Rear lane behind Oxford St (ONE68 or M3 68),verified-visual
IMG_20260318_152922640_HDR.jpg,"Rear lane behind Oxford St (LOKE piece, 235)",verified-visual
IMG_20260318_152928496_HDR.jpg,"Rear lane behind Oxford St (SMILE/SELLE, ANTEK)",verified-visual
IMG_20260318_152935287_HDR.jpg,"Rear lane behind Oxford St (BLAK, pink house behind)",verified-visual
IMG_20260318_152942076_HDR.jpg,"Rear lane behind Oxford St (STIMO throw-up, SULP/XESER)",verified-visual
IMG_20260318_152950056_HDR.jpg,"Rear lane behind Oxford St (tiger face mural, photorealistic)",verified-visual
IMG_20260318_152956234_HDR.jpg,"Rear lane behind Oxford St (great blue heron mural, teal door)",verified-visual
IMG_20260318_153003333_HDR.jpg,Rear lane behind Oxford St (HAWK piece),verified-visual
IMG_20260318_153010596_HDR.jpg,"Rear lane behind Oxford St (BIF/BIS piece, ROKO/WAR)",verified-visual
IMG_20260318_153017758_HDR.jpg,"Rear lane behind Oxford St (construction fence, pink house)",verified-visual
IMG_20260318_153024306_HDR.jpg,"Rear lane behind Oxford St (SCARE letters, blue monster)",verified-visual
IMG_20260318_153033395_HDR.jpg,"Rear lane behind Oxford St (KEEZ, all-seeing eye)",verified-visual
IMG_20260318_153040630_HDR.jpg,"Kensington alley (graffiti wall, electrical boxes) (approx, ~237min)",inferred-approx
IMG_20260318_153049059_HDR.jpg,"Kensington alley (graffiti wall, electrical boxes) (approx, ~237min)",inferred-approx
IMG_20260318_153103296_HDR.jpg,"Kensington alley (graffiti wall, electrical boxes) (approx, ~237min)",inferred-approx
IMG_20260318_153110344_HDR.jpg,"Kensington alley (graffiti wall, electrical boxes) (approx, ~237min)",inferred-approx
IMG_20260318_153112705_HDR.jpg,"Kensington alley (graffiti wall, electrical boxes) (approx, ~237min)",inferred-approx
IMG_20260318_153118519_HDR.jpg,"Kensington alley (graffiti wall, electrical boxes) (approx, ~237min)",inferred-approx
IMG_20260318_153125927_HDR.jpg,"Kensington alley (graffiti wall, electrical boxes) (approx, ~237min)",inferred-approx
IMG_20260318_153144066_HDR.jpg,"Kensington alley (graffiti wall, electrical boxes) (approx, ~236min)",inferred-approx
IMG_20260318_153149659_HDR.jpg,"Kensington alley (graffiti wall, electrical boxes) (approx, ~236min)",inferred-approx
IMG_20260318_153159014_HDR.jpg,"Kensington alley (graffiti wall, electrical boxes) (approx, ~236min)",inferred-approx
IMG_20260318_153210090_HDR.jpg,"Kensington alley (graffiti wall, electrical boxes) (approx, ~236min)",inferred-approx
IMG_20260318_153219916_HDR.jpg,"Kensington alley (graffiti wall, electrical boxes) (approx, ~236min)",inferred-approx
IMG_20260318_153226150_HDR.jpg,"Kensington alley (graffiti wall, electrical boxes) (approx, ~236min)",inferred-approx
IMG_20260318_153307979_HDR.jpg,"Kensington alley (graffiti wall, electrical boxes) (approx, ~235min)",inferred-approx
IMG_20260318_153313925_HDR.jpg,"Kensington alley (graffiti wall, electrical boxes) (approx, ~235min)",inferred-approx
IMG_20260318_153320216_HDR.jpg,"Kensington alley (graffiti wall, electrical boxes) (approx, ~235min)",inferred-approx
IMG_20260318_154117164_HDR.jpg,"Graffiti alley courtyard, rear ~190-194 Baldwin St/Augusta Ave",verified-visual
IMG_20260318_154120085_HDR.jpg,"Graffiti alley courtyard, rear ~190-194 Baldwin St",verified-visual
IMG_20260318_154129980_HDR.jpg,"Graffiti alley, rear ~190-194 Baldwin St (yellow/green wall)",verified-visual
IMG_20260318_154138891_HDR.jpg,"Graffiti alley, rear ~190-194 Baldwin St (wider angle)",verified-visual
IMG_20260318_154147441_HDR.jpg,"Graffiti alley, rear ~192-196 Baldwin St (Adit Kumar sign)",verified-visual
IMG_20260318_154157602_HDR.jpg,"Graffiti alley, rear ~192 Baldwin St (facing south)",verified-visual
IMG_20260318_154204175_HDR.jpg,"Graffiti alley, rear ~190-194 Baldwin St (wider angle south)",verified-visual
IMG_20260318_154218998_HDR.jpg,"Graffiti alley, rear ~188-192 Baldwin St (Odeto mural)",verified-visual
IMG_20260318_154235800_HDR.jpg,"Graffiti alley, rear ~188-192 Baldwin St (Adit Kumar front)",verified-visual
IMG_20260318_154249040_HDR.jpg,"Graffiti alley, rear ~190 Baldwin St (yellow wall, puddles)",verified-visual
IMG_20260318_154253193_HDR.jpg,"Graffiti alley, rear ~190 Baldwin St",verified-visual
IMG_20260318_154302641_HDR.jpg,"Graffiti alley, looking south (geisha mural in distance)",verified-visual
IMG_20260318_154314376_HDR.jpg,"Graffiti alley, looking south (cyclist at far end)",verified-visual
IMG_20260318_154340244_HDR.jpg,"Graffiti alley, Odeto mural close-up (Proverbs 31:28-29)",verified-visual
IMG_20260318_154352692_HDR.jpg,"Graffiti alley, rear ~186-188 Baldwin St (abstract mural)",verified-visual
IMG_20260318_154404395_HDR.jpg,Rear ~71-75 Oxford St (Journey to the West warriors mural),verified-visual
IMG_20260318_154416471_HDR.jpg,"Rear ~71-75 Oxford St (Monkey King / monk mural, MATSO)",verified-visual
IMG_20260318_154423066_HDR.jpg,Rear ~71-77 Oxford St (three Journey to the West garage doors),verified-visual
IMG_20260318_154439003_HDR.jpg,"Alley exit toward Nassau St (tropical mural garage, houses behind)",verified-visual
IMG_20260318_154447308_HDR.jpg,"Alley exit, looking east toward ~72-76 Nassau St backs",verified-visual
IMG_20260318_154451391_HDR.jpg,"Alley exit, wider view toward Nassau St houses",verified-visual
IMG_20260318_154504663_HDR.jpg,Rear ~71-73 Oxford St (warrior mural close-up from below),verified-visual
IMG_20260318_154509941_HDR.jpg,Rear ~71-73 Oxford St (green/gold warrior mural),verified-visual
IMG_20260318_154516291_HDR.jpg,"Rear ~71-73 Oxford St (falling character, roofline)",verified-visual
IMG_20260318_154524155_HDR.jpg,"Rear ~73-75 Oxford St (No Parking, samurai garage door)",verified-visual
IMG_20260318_154534217_HDR.jpg,"Rear ~73-75 Oxford St (man riding goose, swordsman)",verified-visual
IMG_20260318_154537846_HDR.jpg,"Rear ~73-75 Oxford St (wider: swordsman, flying goose, Chinese sign)",verified-visual
IMG_20260318_154543797_HDR.jpg,"Rear ~73-75 Oxford St (flying goose, Chinese character sign)",verified-visual
IMG_20260318_154550072_HDR.jpg,"Rear ~73-75 Oxford St (red-caped warrior, yellow sign)",verified-visual
IMG_20260318_154556384_HDR.jpg,"Rear ~72-74 Nassau St (fire escape, chain-link fence)",verified-visual
IMG_20260318_154603541_HDR.jpg,Rear ~69-71 Oxford St (geisha/kimono woman mural),verified-visual
IMG_20260318_154608992_HDR.jpg,"Rear ~69-71 Oxford St (two women embracing, flowers)",verified-visual
IMG_20260318_154616274_HDR.jpg,"Rear ~69-71 Oxford St (pink peony mural, gas pipe)",verified-visual
IMG_20260318_154621321_HDR.jpg,"Graffiti alley, main lane looking south (geisha murals right)",verified-visual
IMG_20260318_154631901_HDR.jpg,"Alley exit onto street (~Augusta/Oxford, No Dumping $10K sign)",verified-visual
IMG_20260318_154647599_HDR.jpg,"~69 Nassau St (grey Victorian, red Mercedes, Moonbeam)",verified-visual
IMG_20260318_154656164_HDR.jpg,Rear lane behind ~77-79 Nassau St (green Bronco),verified-visual
IMG_20260318_154706392_HDR.jpg,"~77-79 Nassau St (large brick building, rear view)",verified-visual
IMG_20260318_154715458_HDR.jpg,~77 Nassau St (DOUGHNUTS/COFFEE green storefront),verified-visual
IMG_20260318_173441287_HDR.jpg,"Kensington alley (graffiti wall, electrical boxes) (approx, ~113min)",inferred-approx
IMG_20260318_173508338_HDR.jpg,"Kensington alley (graffiti wall, electrical boxes) (approx, ~113min)",inferred-approx
IMG_20260318_173522883_HDR.jpg,"Kensington alley (graffiti wall, electrical boxes) (approx, ~113min)",inferred-approx
IMG_20260318_174558457_HDR.jpg,"Kensington alley (graffiti wall, electrical boxes) (approx, ~102min)",inferred-approx
IMG_20260318_174611450_HDR.jpg,"Kensington alley (graffiti wall, electrical boxes) (approx, ~102min)",inferred-approx
IMG_20260318_174622746_HDR.jpg,"Kensington alley (graffiti wall, electrical boxes) (approx, ~102min)",inferred-approx
IMG_20260318_174635744_HDR.jpg,"Kensington alley (graffiti wall, electrical boxes) (approx, ~102min)",inferred-approx
IMG_20260318_174948683_HDR.jpg,"Kensington alley (graffiti wall, electrical boxes) (approx, ~98min)",inferred-approx
IMG_20260318_174955949_HDR.jpg,"Kensington alley (graffiti wall, electrical boxes) (approx, ~98min)",inferred-approx
IMG_20260318_175004621_HDR.jpg,"Kensington alley (graffiti wall, electrical boxes) (approx, ~98min)",inferred-approx
IMG_20260318_175012389_HDR.jpg,"Kensington alley (graffiti wall, electrical boxes) (approx, ~98min)",inferred-approx
IMG_20260318_175205539.jpg,"Kensington alley (graffiti wall, electrical boxes) (approx, ~96min)",inferred-approx
IMG_20260318_175357036_HDR.jpg,"Kensington alley (graffiti wall, electrical boxes) (approx, ~94min)",inferred-approx
IMG_20260318_175406237_HDR.jpg,"Kensington alley (graffiti wall, electrical boxes) (approx, ~94min)",inferred-approx
IMG_20260318_175415213_HDR.jpg,"Kensington alley (graffiti wall, electrical boxes) (approx, ~94min)",inferred-approx
IMG_20260318_175427437_HDR.jpg,"Kensington alley (graffiti wall, electrical boxes) (approx, ~94min)",inferred-approx
IMG_20260318_175436345_HDR.jpg,"Kensington alley (graffiti wall, electrical boxes) (approx, ~94min)",inferred-approx
IMG_20260318_175443966_HDR.jpg,"Kensington alley (graffiti wall, electrical boxes) (approx, ~93min)",inferred-approx
IMG_20260318_175506657_HDR.jpg,"Kensington alley (graffiti wall, electrical boxes) (approx, ~93min)",inferred-approx
IMG_20260318_175543668_HDR.jpg,"~95 Nassau St (side passage, multicolored brick)",verified-visual
IMG_20260318_175548354_HDR.jpg,"~95-97 Nassau St (side wall, utility meter)",verified-visual
IMG_20260318_175554084_HDR.jpg,~95-97 Nassau St (long side elevation),verified-visual
IMG_20260318_175616616_HDR.jpg,"~96 Nassau St (ornate Victorian, red woodwork portico)",verified-visual
IMG_20260318_175648576_HDR.jpg,"~98 Nassau St (peaked gable, wooden balcony)",verified-visual
IMG_20260318_175655294_HDR.jpg,"~100 Nassau St (teal/turquoise trim, bins)",verified-visual
IMG_20260318_175704727_HDR.jpg,~100-102 Nassau St (pair of gabled semis),verified-visual
IMG_20260318_175711963_HDR.jpg,"~104 Nassau St (green decorative gable, wrought iron)",verified-visual
IMG_20260318_175727632_HDR.jpg,"~108 Nassau St (house behind tree, dark SUV)",verified-visual
IMG_20260318_175757676_HDR.jpg,"~110 Nassau St (diamond brick detail, white van)",verified-visual
IMG_20260318_175803826_HDR.jpg,"~110-112 Nassau St (evergreen tree, chalk writing)",verified-visual
IMG_20260318_175814615_HDR.jpg,~112-114 Nassau St (tall ornate red-brick Victorian),verified-visual
IMG_20260318_175821209_HDR.jpg,"Kensington alley (graffiti wall, electrical boxes) (approx, ~90min)",inferred-approx
IMG_20260318_175852375_HDR.jpg,"Kensington alley (graffiti wall, electrical boxes) (approx, ~89min)",inferred-approx
IMG_20260318_175902755_HDR.jpg,"Kensington alley (graffiti wall, electrical boxes) (approx, ~89min)",inferred-approx
IMG_20260318_175909997_HDR.jpg,"Kensington alley (graffiti wall, electrical boxes) (approx, ~89min)",inferred-approx
IMG_20260318_175918470_HDR.jpg,"Kensington alley (graffiti wall, electrical boxes) (approx, ~89min)",inferred-approx
IMG_20260318_175930648_HDR.jpg,Nassau St & Augusta Ave corner (NASSAU sign visible),verified-visual
IMG_20260318_175937398_HDR.jpg,"~57-59 Augusta Ave (dense graffiti, face mural)",verified-visual
IMG_20260318_175944480_HDR.jpg,"~57-59 Augusta Ave (Korean Corn Dog, green bike)",verified-visual
IMG_20260318_180510835_HDR.jpg,"Kensington alley (graffiti wall, electrical boxes) (approx, ~83min)",inferred-approx
IMG_20260318_180513812_HDR.jpg,"Kensington alley (graffiti wall, electrical boxes) (approx, ~83min)",inferred-approx
IMG_20260318_180520822_HDR.jpg,"Kensington alley (graffiti wall, electrical boxes) (approx, ~83min)",inferred-approx
IMG_20260318_180528618_HDR.jpg,"Kensington alley (graffiti wall, electrical boxes) (approx, ~83min)",inferred-approx
IMG_20260318_180536303_HDR.jpg,"~55-57 Augusta Ave (Korean Fried Chicken, Milkshake)",verified-visual
IMG_20260318_180546180_HDR.jpg,"~53-57 Augusta Ave (tropical mural, turquoise door)",verified-visual
IMG_20260318_180556153_HDR.jpg,"~51 Augusta Ave (white cafe, tent patio, string lights)",verified-visual
IMG_20260318_180609565_HDR.jpg,"~49 Augusta Ave (dark van, blue recycling bin)",verified-visual
IMG_20260318_180620309_HDR.jpg,"Kensington alley (graffiti wall, electrical boxes) (approx, ~82min)",inferred-approx
IMG_20260318_180628255_HDR.jpg,"Kensington alley (graffiti wall, electrical boxes) (approx, ~82min)",inferred-approx
IMG_20260318_180942320_HDR.jpg,"Kensington alley (graffiti wall, electrical boxes) (approx, ~78min)",inferred-approx
IMG_20260318_180948003_HDR.jpg,"Kensington alley (graffiti wall, electrical boxes) (approx, ~78min)",inferred-approx
IMG_20260318_180953684_HDR.jpg,"Kensington alley (graffiti wall, electrical boxes) (approx, ~78min)",inferred-approx
IMG_20260318_181011334_HDR.jpg,"Kensington alley (graffiti wall, electrical boxes) (approx, ~78min)",inferred-approx
IMG_20260318_181018661_HDR.jpg,"Kensington alley (graffiti wall, electrical boxes) (approx, ~78min)",inferred-approx
IMG_20260318_181028379_HDR.jpg,"Kensington alley (graffiti wall, electrical boxes) (approx, ~78min)",inferred-approx
IMG_20260318_181036889_HDR.jpg,"Kensington alley (graffiti wall, electrical boxes) (approx, ~78min)",inferred-approx
IMG_20260318_181047401_HDR.jpg,"Kensington alley (graffiti wall, electrical boxes) (approx, ~77min)",inferred-approx
IMG_20260318_181052204_HDR.jpg,"Kensington alley (graffiti wall, electrical boxes) (approx, ~77min)",inferred-approx
IMG_20260318_181058402_HDR.jpg,"Kensington alley (graffiti wall, electrical boxes) (approx, ~77min)",inferred-approx
IMG_20260318_181112529_HDR.jpg,"Kensington alley (graffiti wall, electrical boxes) (approx, ~77min)",inferred-approx
IMG_20260318_181120765_HDR.jpg,"Kensington alley (graffiti wall, electrical boxes) (approx, ~77min)",inferred-approx
IMG_20260318_181143824_HDR.jpg,Rear lane behind ~218-224 Augusta Ave (swirling murals),verified-visual
IMG_20260318_181157515_HDR.jpg,"Kensington alley (graffiti wall, electrical boxes) (approx, ~76min)",inferred-approx
IMG_20260318_181208532_HDR.jpg,"Rear lane behind ~215-218 Augusta Ave (purple woman, yellow bird)",verified-visual
IMG_20260318_181215327_HDR.jpg,"Rear lane behind ~213-215 Augusta Ave (silver graffiti, cinder block)",verified-visual
IMG_20260318_181217961_HDR.jpg,Rear lane behind ~210-213 Augusta Ave (yellow-green wildstyle),verified-visual
IMG_20260318_181224583_HDR.jpg,Rear lane behind ~209-210 Augusta Ave (be chingona mural),verified-visual
IMG_20260318_181250158_HDR.jpg,"~210-214 Augusta Ave W side (Birria Catrina, Taco Love, Diablos)",verified-visual
IMG_20260318_181302225_HDR.jpg,"~210-214 Augusta Ave W side (Barbacha, Mochi, Blaque Wellness)",verified-visual
IMG_20260318_181308241_HDR.jpg,"~212-214 Augusta Ave (Crystal Visions, Blaque Wellness)",verified-visual
IMG_20260318_181313009_HDR.jpg,"Kensington alley (graffiti wall, electrical boxes) (approx, ~75min)",inferred-approx
IMG_20260318_181319339_HDR.jpg,"~208-210 Augusta Ave (Vintage Stop, Mexa, House Sushi)",verified-visual
IMG_20260318_181334405_HDR.jpg,"Kensington alley (graffiti wall, electrical boxes) (approx, ~75min)",inferred-approx
IMG_20260318_182027042.jpg,"Kensington alley (graffiti wall, electrical boxes) (approx, ~68min)",inferred-approx
IMG_20260318_182040524_HDR.jpg,"Kensington alley (graffiti wall, electrical boxes) (approx, ~67min)",inferred-approx
IMG_20260318_182056200_HDR.jpg,"Kensington alley (graffiti wall, electrical boxes) (approx, ~67min)",inferred-approx
IMG_20260318_182106571_HDR.jpg,"Kensington alley (graffiti wall, electrical boxes) (approx, ~67min)",inferred-approx
IMG_20260318_182118426_HDR.jpg,"Kensington alley (graffiti wall, electrical boxes) (approx, ~67min)",inferred-approx
IMG_20260318_182333160_HDR.jpg,"Kensington alley (graffiti wall, electrical boxes) (approx, ~65min)",inferred-approx
IMG_20260318_182357576_HDR.jpg,"Kensington alley (graffiti wall, electrical boxes) (approx, ~64min)",inferred-approx
IMG_20260318_182406716_HDR.jpg,"Kensington alley (graffiti wall, electrical boxes) (approx, ~64min)",inferred-approx
IMG_20260318_182412568_HDR.jpg,"Kensington alley (graffiti wall, electrical boxes) (approx, ~64min)",inferred-approx
IMG_20260318_182414478_HDR.jpg,"Kensington alley (graffiti wall, electrical boxes) (approx, ~64min)",inferred-approx
IMG_20260318_182428702_HDR.jpg,"Kensington alley (graffiti wall, electrical boxes) (approx, ~64min)",inferred-approx
IMG_20260318_182439023_HDR.jpg,"Kensington alley (graffiti wall, electrical boxes) (approx, ~63min)",inferred-approx
IMG_20260318_182443991_HDR.jpg,"Kensington alley (graffiti wall, electrical boxes) (approx, ~63min)",inferred-approx
IMG_20260318_182449463_HDR.jpg,"Kensington alley (graffiti wall, electrical boxes) (approx, ~63min)",inferred-approx
IMG_20260318_182500244_HDR.jpg,"Kensington alley (graffiti wall, electrical boxes) (approx, ~63min)",inferred-approx
IMG_20260318_182508572_HDR.jpg,"Kensington alley (graffiti wall, electrical boxes) (approx, ~63min)",inferred-approx
IMG_20260318_182515964_HDR.jpg,"Kensington alley (graffiti wall, electrical boxes) (approx, ~63min)",inferred-approx
IMG_20260318_182526444_HDR.jpg,"Kensington alley (graffiti wall, electrical boxes) (approx, ~63min)",inferred-approx
IMG_20260318_182542025_HDR.jpg,"Kensington alley (graffiti wall, electrical boxes) (approx, ~62min)",inferred-approx
IMG_20260318_182550725_HDR.jpg,"Kensington alley (graffiti wall, electrical boxes) (approx, ~62min)",inferred-approx
IMG_20260318_182554018_HDR.jpg,"Kensington alley (graffiti wall, electrical boxes) (approx, ~62min)",inferred-approx
IMG_20260318_182558444_HDR.jpg,"Kensington alley (graffiti wall, electrical boxes) (approx, ~62min)",inferred-approx
IMG_20260318_182708795_HDR.jpg,"Kensington alley (graffiti wall, electrical boxes) (approx, ~61min)",inferred-approx
IMG_20260318_182724309_HDR.jpg,"Kensington alley (graffiti wall, electrical boxes) (approx, ~61min)",inferred-approx
IMG_20260318_182742801_HDR.jpg,"Kensington alley (graffiti wall, electrical boxes) (approx, ~60min)",inferred-approx
IMG_20260318_182751778_HDR.jpg,"Kensington alley (graffiti wall, electrical boxes) (approx, ~60min)",inferred-approx
IMG_20260318_182759757_HDR.jpg,"Kensington alley (graffiti wall, electrical boxes) (approx, ~60min)",inferred-approx
IMG_20260318_182808371_HDR.jpg,"Kensington alley (graffiti wall, electrical boxes) (approx, ~60min)",inferred-approx
IMG_20260318_182939846_HDR.jpg,"Kensington alley (graffiti wall, electrical boxes) (approx, ~58min)",inferred-approx
IMG_20260318_182948035_HDR.jpg,"Kensington alley (graffiti wall, electrical boxes) (approx, ~58min)",inferred-approx
IMG_20260318_183020619_HDR.jpg,"Kensington alley (graffiti wall, electrical boxes) (approx, ~58min)",inferred-approx
IMG_20260318_183031079_HDR.jpg,"Kensington alley (graffiti wall, electrical boxes) (approx, ~58min)",inferred-approx
IMG_20260318_183042293_HDR.jpg,"Kensington alley (graffiti wall, electrical boxes) (approx, ~57min)",inferred-approx
IMG_20260318_183051740_HDR.jpg,"Kensington alley (graffiti wall, electrical boxes) (approx, ~57min)",inferred-approx
IMG_20260318_183100320_HDR.jpg,"Kensington alley (graffiti wall, electrical boxes) (approx, ~57min)",inferred-approx
IMG_20260318_183331288_HDR.jpg,"Kensington alley (graffiti wall, electrical boxes) (approx, ~55min)",inferred-approx
IMG_20260318_183341404_HDR.jpg,"Kensington alley (graffiti wall, electrical boxes) (approx, ~54min)",inferred-approx
IMG_20260318_183354499_HDR.jpg,"Kensington alley (graffiti wall, electrical boxes) (approx, ~54min)",inferred-approx
IMG_20260318_183404210_HDR.jpg,"Kensington alley (graffiti wall, electrical boxes) (approx, ~54min)",inferred-approx
IMG_20260318_183500795_HDR.jpg,"Kensington alley (graffiti wall, electrical boxes) (approx, ~53min)",inferred-approx
IMG_20260318_183555544_HDR.jpg,"Kensington alley (graffiti wall, electrical boxes) (approx, ~52min)",inferred-approx
IMG_20260318_183629337_HDR.jpg,"Kensington alley (graffiti wall, electrical boxes) (approx, ~52min)",inferred-approx
IMG_20260318_183641379_HDR.jpg,"Kensington alley (graffiti wall, electrical boxes) (approx, ~51min)",inferred-approx
IMG_20260318_183702241_HDR.jpg,"Kensington alley (graffiti wall, electrical boxes) (approx, ~51min)",inferred-approx
IMG_20260318_183714862_HDR.jpg,"Kensington alley (graffiti wall, electrical boxes) (approx, ~51min)",inferred-approx
IMG_20260318_183723900_HDR.jpg,"Kensington alley (graffiti wall, electrical boxes) (approx, ~51min)",inferred-approx
IMG_20260318_183733467_HDR.jpg,"Kensington alley (graffiti wall, electrical boxes) (approx, ~51min)",inferred-approx
IMG_20260318_183741240_HDR.jpg,"Kensington alley (graffiti wall, electrical boxes) (approx, ~50min)",inferred-approx
IMG_20260318_183750942_HDR.jpg,"Kensington alley (graffiti wall, electrical boxes) (approx, ~50min)",inferred-approx
IMG_20260318_183758684_HDR.jpg,"Kensington alley (graffiti wall, electrical boxes) (approx, ~50min)",inferred-approx
IMG_20260318_183808296_HDR.jpg,"Kensington alley (graffiti wall, electrical boxes) (approx, ~50min)",inferred-approx
IMG_20260318_183822023_HDR.jpg,"Kensington alley (graffiti wall, electrical boxes) (approx, ~50min)",inferred-approx
IMG_20260318_183830020_HDR.jpg,"Kensington alley (graffiti wall, electrical boxes) (approx, ~50min)",inferred-approx
IMG_20260318_183838207_HDR.jpg,"Kensington alley (graffiti wall, electrical boxes) (approx, ~49min)",inferred-approx
IMG_20260318_183843681_HDR.jpg,"Kensington alley (graffiti wall, electrical boxes) (approx, ~49min)",inferred-approx
IMG_20260318_183852857_HDR.jpg,"Kensington alley (graffiti wall, electrical boxes) (approx, ~49min)",inferred-approx
IMG_20260318_184433761_HDR.jpg,"Kensington alley (graffiti wall, electrical boxes) (approx, ~44min)",inferred-approx
IMG_20260318_184440109_HDR.jpg,"Kensington alley (graffiti wall, electrical boxes) (approx, ~43min)",inferred-approx
IMG_20260318_184447706_HDR.jpg,"Kensington alley (graffiti wall, electrical boxes) (approx, ~43min)",inferred-approx
IMG_20260318_184455848_HDR.jpg,"Kensington alley (graffiti wall, electrical boxes) (approx, ~43min)",inferred-approx
IMG_20260318_184505895_HDR.jpg,"Kensington alley (graffiti wall, electrical boxes) (approx, ~43min)",inferred-approx
IMG_20260318_184512390_HDR.jpg,"Kensington alley (graffiti wall, electrical boxes) (approx, ~43min)",inferred-approx
IMG_20260318_184549673_HDR.jpg,"Kensington alley (graffiti wall, electrical boxes) (approx, ~42min)",inferred-approx
IMG_20260318_184555608_HDR.jpg,"Kensington alley (graffiti wall, electrical boxes) (approx, ~42min)",inferred-approx
IMG_20260318_185045556_HDR.jpg,"Kensington alley (graffiti wall, electrical boxes) (approx, ~37min)",inferred-approx
IMG_20260318_185054611_HDR.jpg,"Kensington alley (graffiti wall, electrical boxes) (approx, ~37min)",inferred-approx
IMG_20260318_185106558_HDR.jpg,"Kensington alley (graffiti wall, electrical boxes) (approx, ~37min)",inferred-approx
IMG_20260318_185111435_HDR.jpg,"Kensington alley (graffiti wall, electrical boxes) (approx, ~37min)",inferred-approx
IMG_20260318_185119973_HDR.jpg,"Kensington alley (graffiti wall, electrical boxes) (approx, ~37min)",inferred-approx
IMG_20260318_185129468_HDR.jpg,"Kensington alley (graffiti wall, electrical boxes) (approx, ~37min)",inferred-approx
IMG_20260318_185135831_HDR.jpg,"Kensington alley (graffiti wall, electrical boxes) (approx, ~37min)",inferred-approx
IMG_20260318_185236635_HDR.jpg,"Kensington alley (graffiti wall, electrical boxes) (approx, ~36min)",inferred-approx
IMG_20260318_185253748_HDR.jpg,"Kensington alley (graffiti wall, electrical boxes) (approx, ~35min)",inferred-approx
IMG_20260318_185328813_HDR.jpg,"Kensington alley (graffiti wall, electrical boxes) (approx, ~35min)",inferred-approx
IMG_20260318_185338756_HDR.jpg,"Kensington alley (graffiti wall, electrical boxes) (approx, ~34min)",inferred-approx
IMG_20260318_185414277_HDR.jpg,"Kensington alley (graffiti wall, electrical boxes) (approx, ~34min)",inferred-approx
IMG_20260318_185424042_HDR.jpg,"Kensington alley (graffiti wall, electrical boxes) (approx, ~34min)",inferred-approx
IMG_20260318_185434111_HDR.jpg,"Kensington alley (graffiti wall, electrical boxes) (approx, ~34min)",inferred-approx
IMG_20260318_185439811_HDR.jpg,"Kensington alley (graffiti wall, electrical boxes) (approx, ~33min)",inferred-approx
IMG_20260318_185521421_HDR.jpg,"Kensington alley (graffiti wall, electrical boxes) (approx, ~33min)",inferred-approx
IMG_20260318_185551795_HDR.jpg,"Kensington alley (graffiti wall, electrical boxes) (approx, ~32min)",inferred-approx
IMG_20260318_185559772_HDR.jpg,"Kensington alley (graffiti wall, electrical boxes) (approx, ~32min)",inferred-approx
IMG_20260318_185750500_HDR.jpg,"Kensington alley (graffiti wall, electrical boxes) (approx, ~30min)",inferred-approx
IMG_20260318_185754793_HDR.jpg,"Kensington alley (graffiti wall, electrical boxes) (approx, ~30min)",inferred-approx
IMG_20260318_185809272_HDR.jpg,"Kensington alley (graffiti wall, electrical boxes) (approx, ~30min)",inferred-approx
IMG_20260318_185840397_HDR.jpg,"Kensington alley (graffiti wall, electrical boxes) (approx, ~29min)",inferred-approx
IMG_20260318_185927726_HDR.jpg,"Kensington alley (graffiti wall, electrical boxes) (approx, ~29min)",inferred-approx
IMG_20260318_185930531_HDR.jpg,"Kensington alley (graffiti wall, electrical boxes) (approx, ~29min)",inferred-approx
IMG_20260318_185944715_HDR.jpg,"Kensington alley (graffiti wall, electrical boxes) (approx, ~28min)",inferred-approx
IMG_20260318_185948355_HDR.jpg,"Kensington alley (graffiti wall, electrical boxes) (approx, ~28min)",inferred-approx
IMG_20260318_190001719_HDR.jpg,"Kensington alley (graffiti wall, electrical boxes) (approx, ~28min)",inferred-approx
IMG_20260318_190019415_HDR.jpg,"Kensington alley (graffiti wall, electrical boxes) (approx, ~28min)",inferred-approx
IMG_20260318_190026010_HDR.jpg,"Kensington alley (graffiti wall, electrical boxes) (approx, ~28min)",inferred-approx
IMG_20260318_190036229_HDR.jpg,"Kensington alley (graffiti wall, electrical boxes) (approx, ~28min)",inferred-approx
IMG_20260318_190047922_HDR.jpg,"Kensington alley (graffiti wall, electrical boxes) (approx, ~27min)",inferred-approx
IMG_20260318_190056620_HDR.jpg,"Kensington alley (graffiti wall, electrical boxes) (approx, ~27min)",inferred-approx
IMG_20260318_190102836_HDR.jpg,"Kensington alley (graffiti wall, electrical boxes) (approx, ~27min)",inferred-approx
IMG_20260318_190117118_HDR.jpg,"Kensington alley (graffiti wall, electrical boxes) (approx, ~27min)",inferred-approx
IMG_20260318_190333392_HDR.jpg,"Kensington alley (graffiti wall, electrical boxes) (approx, ~25min)",inferred-approx
IMG_20260318_191431838_HDR.jpg,"Kensington alley (graffiti wall, electrical boxes) (approx, ~14min)",inferred-approx
IMG_20260320_001656846_HDR.jpg,"Dundas St W / Kensington area (approx, ~397min)",inferred-approx
IMG_20260320_002630407_HDR.jpg,"Dundas St W / Kensington area (approx, ~406min)",inferred-approx
IMG_20260320_002701808_HDR.jpg,"Dundas St W / Kensington area (approx, ~407min)",inferred-approx
IMG_20260320_002710945_HDR.jpg,"Dundas St W / Kensington area (approx, ~407min)",inferred-approx
IMG_20260320_002903216_HDR.jpg,"Dundas St W / Kensington area (approx, ~409min)",inferred-approx
IMG_20260320_002912460_HDR.jpg,"Dundas St W / Kensington area (approx, ~409min)",inferred-approx
IMG_20260320_003439452_HDR.jpg,"Dundas St W / Kensington area (approx, ~414min)",inferred-approx
IMG_20260320_003542989_HDR.jpg,"Dundas St W / Kensington area (approx, ~415min)",inferred-approx
IMG_20260320_003644430_HDR.jpg,"Dundas St W / Kensington area (approx, ~416min)",inferred-approx
IMG_20260320_004626448_HDR.jpg,"Dundas St W / Kensington area (approx, ~426min)",inferred-approx
IMG_20260320_004805104_HDR.jpg,"Dundas St W / Kensington area (approx, ~428min)",inferred-approx
IMG_20260320_011024375_HDR.jpg,"Dundas St W / Kensington area (approx, ~450min)",inferred-approx
IMG_20260320_011030816_HDR.jpg,"Dundas St W / Kensington area (approx, ~450min)",inferred-approx
IMG_20260320_011048375_HDR.jpg,"Dundas St W / Kensington area (approx, ~450min)",inferred-approx
IMG_20260320_011104655_HDR.jpg,"Dundas St W / Kensington area (approx, ~451min)",inferred-approx
IMG_20260320_011141704_HDR.jpg,"Dundas St W / Kensington area (approx, ~451min)",inferred-approx
IMG_20260320_011149337_HDR.jpg,"Dundas St W / Kensington area (approx, ~451min)",inferred-approx
IMG_20260320_011232512_HDR.jpg,"Dundas St W / Kensington area (approx, ~452min)",inferred-approx
IMG_20260320_011425951_HDR.jpg,"Dundas St W / Kensington area (approx, ~454min)",inferred-approx
IMG_20260320_011502409_HDR.jpg,"Dundas St W / Kensington area (approx, ~455min)",inferred-approx
IMG_20260320_011516925_HDR.jpg,"Dundas St W / Kensington area (approx, ~455min)",inferred-approx
IMG_20260320_011523715_HDR.jpg,"Dundas St W / Kensington area (approx, ~455min)",inferred-approx
IMG_20260320_011530532_HDR.jpg,"Dundas St W / Kensington area (approx, ~455min)",inferred-approx
IMG_20260320_011550495_HDR.jpg,"Dundas St W / Kensington area (approx, ~456min)",inferred-approx
IMG_20260320_011642556_HDR.jpg,"Dundas St W / Kensington area (approx, ~456min)",inferred-approx
IMG_20260320_011653265_HDR.jpg,"Dundas St W / Kensington area (approx, ~457min)",inferred-approx
IMG_20260320_011700000_HDR.jpg,"Dundas St W / Kensington area (approx, ~457min)",inferred-approx
IMG_20260320_011715740_HDR.jpg,"Dundas St W / Kensington area (approx, ~457min)",inferred-approx
IMG_20260320_011723032_HDR.jpg,"Dundas St W / Kensington area (approx, ~457min)",inferred-approx
IMG_20260320_011738047_HDR.jpg,"Dundas St W / Kensington area (approx, ~457min)",inferred-approx
IMG_20260320_011749589_HDR.jpg,"Dundas St W / Kensington area (approx, ~457min)",inferred-approx
IMG_20260320_011801182_HDR.jpg,"Dundas St W / Kensington area (approx, ~458min)",inferred-approx
IMG_20260320_011827369_HDR.jpg,"Dundas St W / Kensington area (approx, ~458min)",inferred-approx
IMG_20260320_011849377_HDR.jpg,"Dundas St W / Kensington area (approx, ~458min)",inferred-approx
IMG_20260320_011858585_HDR.jpg,"Dundas St W / Kensington area (approx, ~459min)",inferred-approx
IMG_20260320_011905340_HDR.jpg,"Dundas St W / Kensington area (approx, ~459min)",inferred-approx
IMG_20260320_011908504_HDR.jpg,"Dundas St W / Kensington area (approx, ~459min)",inferred-approx
IMG_20260320_011917762_HDR.jpg,"Dundas St W / Kensington area (approx, ~459min)",inferred-approx
IMG_20260320_011949577_HDR.jpg,"Dundas St W / Kensington area (approx, ~459min)",inferred-approx
IMG_20260320_012006796_HDR.jpg,"Dundas St W / Kensington area (approx, ~460min)",inferred-approx
IMG_20260320_012017528_HDR.jpg,"Dundas St W / Kensington area (approx, ~460min)",inferred-approx
IMG_20260320_012031164_HDR.jpg,"Dundas St W / Kensington area (approx, ~460min)",inferred-approx
IMG_20260320_012043877_HDR.jpg,"Dundas St W / Kensington area (approx, ~460min)",inferred-approx
IMG_20260320_012100177_HDR.jpg,"Dundas St W / Kensington area (approx, ~461min)",inferred-approx
IMG_20260320_012130471_HDR.jpg,"Dundas St W / Kensington area (approx, ~461min)",inferred-approx
IMG_20260320_012138541_HDR.jpg,"Dundas St W / Kensington area (approx, ~461min)",inferred-approx
IMG_20260320_012147838_HDR.jpg,"Dundas St W / Kensington area (approx, ~461min)",inferred-approx
IMG_20260320_012205033_HDR.jpg,"Dundas St W / Kensington area (approx, ~462min)",inferred-approx
IMG_20260320_012216600_HDR.jpg,"Dundas St W / Kensington area (approx, ~462min)",inferred-approx
IMG_20260320_012227134_HDR.jpg,"Dundas St W / Kensington area (approx, ~462min)",inferred-approx
IMG_20260320_012308243_HDR.jpg,"Dundas St W / Kensington area (approx, ~463min)",inferred-approx
IMG_20260320_012318650_HDR.jpg,"Dundas St W / Kensington area (approx, ~463min)",inferred-approx
IMG_20260320_012325834_HDR.jpg,"Dundas St W / Kensington area (approx, ~463min)",inferred-approx
IMG_20260320_012334115_HDR.jpg,"Dundas St W / Kensington area (approx, ~463min)",inferred-approx
IMG_20260320_012350131_HDR.jpg,"Dundas St W / Kensington area (approx, ~464min)",inferred-approx
IMG_20260320_012359603_HDR.jpg,"Dundas St W / Kensington area (approx, ~464min)",inferred-approx
IMG_20260320_012409028_HDR.jpg,"Dundas St W / Kensington area (approx, ~464min)",inferred-approx
IMG_20260320_012422542_HDR.jpg,"Dundas St W / Kensington area (approx, ~464min)",inferred-approx
IMG_20260320_012442979_HDR.jpg,"Dundas St W / Kensington area (approx, ~464min)",inferred-approx
IMG_20260320_012446860_HDR.jpg,"Dundas St W / Kensington area (approx, ~464min)",inferred-approx
IMG_20260320_012507070_HDR.jpg,"Dundas St W / Kensington area (approx, ~465min)",inferred-approx
IMG_20260320_012512007_HDR.jpg,"Dundas St W / Kensington area (approx, ~465min)",inferred-approx
IMG_20260320_012517234_HDR.jpg,"Dundas St W / Kensington area (approx, ~465min)",inferred-approx
IMG_20260320_012524992_HDR.jpg,"Dundas St W / Kensington area (approx, ~465min)",inferred-approx
IMG_20260320_012535844_HDR.jpg,"Dundas St W / Kensington area (approx, ~465min)",inferred-approx
IMG_20260320_012541521_HDR.jpg,"Dundas St W / Kensington area (approx, ~465min)",inferred-approx
IMG_20260320_012545201_HDR.jpg,"Dundas St W / Kensington area (approx, ~465min)",inferred-approx
IMG_20260320_012605136_HDR.jpg,"Dundas St W / Kensington area (approx, ~466min)",inferred-approx
IMG_20260320_012613281_HDR.jpg,"Dundas St W / Kensington area (approx, ~466min)",inferred-approx
IMG_20260320_012618526_HDR.jpg,"Dundas St W / Kensington area (approx, ~466min)",inferred-approx
IMG_20260320_012629765_HDR.jpg,"Dundas St W / Kensington area (approx, ~466min)",inferred-approx
IMG_20260320_012656551_HDR.jpg,"Dundas St W / Kensington area (approx, ~467min)",inferred-approx
IMG_20260320_012706597_HDR.jpg,"Dundas St W / Kensington area (approx, ~467min)",inferred-approx
IMG_20260320_012716439_HDR.jpg,"Dundas St W / Kensington area (approx, ~467min)",inferred-approx
IMG_20260320_012926854_HDR.jpg,"Dundas St W / Kensington area (approx, ~469min)",inferred-approx
IMG_20260320_012934622_HDR.jpg,"Dundas St W / Kensington area (approx, ~469min)",inferred-approx
IMG_20260320_012951226_HDR.jpg,"Dundas St W / Kensington area (approx, ~470min)",inferred-approx
IMG_20260320_012958779_HDR.jpg,"Dundas St W / Kensington area (approx, ~470min)",inferred-approx
IMG_20260320_013003814_HDR.jpg,"Dundas St W / Kensington area (approx, ~470min)",inferred-approx
IMG_20260320_013027868_HDR.jpg,"Dundas St W / Kensington area (approx, ~470min)",inferred-approx
IMG_20260320_013041588_HDR.jpg,"Dundas St W / Kensington area (approx, ~470min)",inferred-approx
IMG_20260320_013057746_HDR.jpg,"Dundas St W / Kensington area (approx, ~471min)",inferred-approx
IMG_20260320_013118234_HDR.jpg,"Dundas St W / Kensington area (approx, ~471min)",inferred-approx
IMG_20260320_013121944_HDR.jpg,"Dundas St W / Kensington area (approx, ~471min)",inferred-approx
IMG_20260320_013127060_HDR.jpg,"Dundas St W / Kensington area (approx, ~471min)",inferred-approx
IMG_20260320_013136809_HDR.jpg,"Dundas St W / Kensington area (approx, ~471min)",inferred-approx
IMG_20260320_013143510_HDR.jpg,"Dundas St W / Kensington area (approx, ~471min)",inferred-approx
IMG_20260320_013156513_HDR.jpg,"Dundas St W / Kensington area (approx, ~472min)",inferred-approx
IMG_20260320_013207264_HDR.jpg,"Dundas St W / Kensington area (approx, ~472min)",inferred-approx
IMG_20260320_013216898_HDR.jpg,"Dundas St W / Kensington area (approx, ~472min)",inferred-approx
IMG_20260320_013228868_HDR.jpg,"Dundas St W / Kensington area (approx, ~472min)",inferred-approx
IMG_20260320_013239638_HDR.jpg,"Dundas St W / Kensington area (approx, ~472min)",inferred-approx
IMG_20260320_013244573_HDR.jpg,"Dundas St W / Kensington area (approx, ~472min)",inferred-approx
IMG_20260320_013251485_HDR.jpg,"Dundas St W / Kensington area (approx, ~473min)",inferred-approx
IMG_20260320_013306148_HDR.jpg,"Dundas St W / Kensington area (approx, ~473min)",inferred-approx
IMG_20260320_013316686_HDR.jpg,"Dundas St W / Kensington area (approx, ~473min)",inferred-approx
IMG_20260320_013332016_HDR.jpg,"Dundas St W / Kensington area (approx, ~473min)",inferred-approx
IMG_20260320_013425709_HDR.jpg,"Dundas St W / Kensington area (approx, ~474min)",inferred-approx
IMG_20260320_013439108_HDR.jpg,"Dundas St W / Kensington area (approx, ~474min)",inferred-approx
IMG_20260320_013447014_HDR.jpg,"Dundas St W / Kensington area (approx, ~474min)",inferred-approx
IMG_20260320_013450968_HDR.jpg,"Dundas St W / Kensington area (approx, ~474min)",inferred-approx
IMG_20260320_013506039_HDR.jpg,"Dundas St W / Kensington area (approx, ~475min)",inferred-approx
IMG_20260320_013514331_HDR.jpg,"Dundas St W / Kensington area (approx, ~475min)",inferred-approx
IMG_20260320_013528716_HDR.jpg,"Dundas St W / Kensington area (approx, ~475min)",inferred-approx
IMG_20260320_013538087_HDR.jpg,"Dundas St W / Kensington area (approx, ~475min)",inferred-approx
PXL_20260318_214331400.jpg,~65 Bellevue Ave (Victorian semi-detached),ref-match-low
PXL_20260318_214349792.jpg,~67 Bellevue Ave (charcoal Victorian),ref-match-low
PXL_20260318_214522004.jpg,"~30 Bellevue Ave (arched porch, orange brick)",ref-match-medium
PXL_20260318_215035819.jpg,"73/75 Bellevue Ave (twin Gothic gables, purple door)",ref-match-high
PXL_20260318_215052886.jpg,"~48 Bellevue Ave (small detached, white siding)",ref-match-medium
PXL_20260318_215107792.jpg,"~79 Bellevue Ave (flat-roof duplex, balcony)",ref-match-low
PXL_20260318_215242041.jpg,"~85 Bellevue Ave (brick duplex, chain-link)",ref-match-low
PXL_20260318_215359155.jpg,~91 Bellevue Ave (teal porch columns),ref-match-low
PXL_20260318_215410656.jpg,"~93 Bellevue Ave (teal balcony, semi-detached pair)",ref-match-low
PXL_20260318_215547931.jpg,"40 Nassau St (striped awning, 24h video sign)",ref-match-high
PXL_20260318_215648153.jpg,"36 Bellevue Ave (maroon Victorian, peaked gable)",ref-match-high
PXL_20260318_215824454.jpg,"34A Bellevue Ave (teal door, bay window)",ref-match-medium
PXL_20260318_215943589.jpg,"30 Bellevue Ave (twin gables, arched bay windows)",ref-match-high
PXL_20260318_220110951.jpg,"18 Bellevue Ave (twin gables, copper canopy)",ref-match-high
PXL_20260318_220411312.jpg,"16 Bellevue Ave (cream Victorian, balcony)",ref-match-high
PXL_20260318_220917647.jpg,253 Augusta Ave (Pizzeria da Mario),ref-match-high
PXL_20260318_220953873.jpg,249 Augusta Ave (vacant/for-lease),ref-match-medium
PXL_20260318_221642586.jpg,236 Augusta Ave (Fairland Cannabis),ref-match-high
PXL_20260318_221716489.jpg,238 Augusta Ave (Pho Ngon Dat Viet),ref-match-high
PXL_20260318_221749759.jpg,"200A Baldwin St (I Love Churros, corner Augusta/Baldwin)",ref-match-high
PXL_20260318_222111923.jpg,222 Augusta Ave (Augusta Coffee),ref-match-medium
PXL_20260318_222241544.jpg,220 Augusta Ave (Ugly Delicious),ref-match-medium
PXL_20260318_222255252.jpg,191 Baldwin St (Rumble),ref-match-medium
PXL_20260318_222309452.jpg,195 Baldwin St (Flamingo Vintage),ref-match-high
PXL_20260318_222719429.jpg,"195 Baldwin St (Flamingo Vintage, side angle)",ref-match-high
PXL_20260318_222737568.jpg,185 Baldwin St (Jimmy's Coffee),ref-match-high
PXL_20260318_222801073.jpg,189 Baldwin St (green-trimmed building),ref-match-high
PXL_20260318_222909365.jpg,187 Baldwin St (Sea Kings fish market),ref-match-high
PXL_20260318_223019599.jpg,181 Baldwin St (Golden Patty),ref-match-high
PXL_20260318_223043101.jpg,179 Baldwin St (graffiti garage/roses),ref-match-medium
PXL_20260318_223144176.jpg,170 Baldwin St (Frank Ranalli's Pizza),ref-match-medium
PXL_20260318_223334974.jpg,80 Kensington Ave (Love Calista),ref-match-medium
PXL_20260318_223413574.jpg,161 Baldwin St (Churreria Cameron / Fun Guyz),ref-match-high
PXL_20260318_223551591.jpg,"161 Baldwin St (Amazing Things, parking garage area)",ref-match-medium
PXL_20260318_223633046.jpg,161 Baldwin St (Kensington parking garage entrance),ref-match-high
PXL_20260318_223703610.jpg,161 Baldwin St (storefronts under parking structure),ref-match-high
PXL_20260318_223952947.jpg,"161 Baldwin St (Tibetan Brothers, parking structure)",ref-match-high
PXL_20260318_224012090.jpg,146 Baldwin St (parking structure end),ref-match-medium
PXL_20260318_224024413.jpg,144 Baldwin St (parking exit),ref-match-medium
PXL_20260318_224055927.jpg,138 Baldwin St (The Jerk Spot),ref-match-high
PXL_20260318_224119809.jpg,~136 Baldwin St (graffiti vacant lot),ref-match-medium
PXL_20260318_224133826.jpg,~136-140 Baldwin St (poster wall/hoarding),ref-match-low
PXL_20260318_224149351.jpg,~136-140 Baldwin St (poster wall/hoarding),ref-match-low
